Equation,Implies,Implied by,Does not imply,Not implied by,Unknown,Unknown by
Equation1[x = x],0,4693,4693,0,0,0
Equation2[x = y],4693,1495,0,3198,0,0
Equation3[x = x ◇ x],39,1704,4654,2989,0,0
Equation4[x = x ◇ y],1213,1566,3480,3127,0,0
Equation5[x = y ◇ x],1213,1566,3480,3127,0,0
Equation8[x = x ◇ (x ◇ x)],8,1973,4685,2720,0,0
Equation9[x = x ◇ (x ◇ y)],117,1590,4576,3103,0,0
Equation10[x = x ◇ (y ◇ x)],63,1768,4630,2925,0,0
Equation11[x = x ◇ (y ◇ y)],42,1617,4651,3076,0,0
Equation13[x = y ◇ (x ◇ x)],574,1678,4119,3015,0,0
Equation14[x = y ◇ (x ◇ y)],117,1545,4576,3148,0,0
Equation16[x = y ◇ (y ◇ x)],40,1748,4653,2945,0,0
Equation23[x = (x ◇ x) ◇ x],8,1973,4685,2720,0,0
Equation24[x = (x ◇ x) ◇ y],574,1678,4119,3015,0,0
Equation25[x = (x ◇ y) ◇ x],63,1768,4630,2925,0,0
Equation26[x = (x ◇ y) ◇ y],40,1748,4653,2945,0,0
Equation28[x = (y ◇ x) ◇ x],117,1590,4576,3103,0,0
Equation31[x = (y ◇ y) ◇ x],42,1617,4651,3076,0,0
Equation38[x ◇ x = x ◇ y],175,2295,4518,2398,0,0
Equation39[x ◇ x = y ◇ x],175,2295,4518,2398,0,0
Equation40[x ◇ x = y ◇ y],13,2105,4680,2588,0,0
Equation41[x ◇ x = y ◇ z],1555,1914,3138,2779,0,0
Equation43[x ◇ y = y ◇ x],13,1987,4680,2706,0,0
Equation47[x = x ◇ (x ◇ (x ◇ x))],1,1830,4692,2863,0,0
Equation48[x = x ◇ (x ◇ (x ◇ y))],49,1596,4644,3097,0,0
Equation49[x = x ◇ (x ◇ (y ◇ x))],7,1746,4686,2947,0,0
Equation50[x = x ◇ (x ◇ (y ◇ y))],3,1593,4690,3100,0,0
Equation52[x = x ◇ (y ◇ (x ◇ x))],11,1722,4682,2971,0,0
Equation53[x = x ◇ (y ◇ (x ◇ y))],4,1567,4689,3126,0,0
Equation55[x = x ◇ (y ◇ (y ◇ x))],6,1725,4687,2968,0,0
Equation56[x = x ◇ (y ◇ (y ◇ y))],2,1569,4691,3124,0,0
Equation58[x = x ◇ (y ◇ (z ◇ x))],39,1717,4654,2976,0,0
Equation62[x = y ◇ (x ◇ (x ◇ x))],346,1642,4347,3051,0,0
Equation63[x = y ◇ (x ◇ (x ◇ y))],12,1496,4681,3197,0,0
Equation65[x = y ◇ (x ◇ (y ◇ x))],2,1646,4691,3047,0,0
Equation66[x = y ◇ (x ◇ (y ◇ y))],7,1499,4686,3194,0,0
Equation72[x = y ◇ (y ◇ (x ◇ x))],15,1647,4678,3046,0,0
Equation73[x = y ◇ (y ◇ (x ◇ y))],2,1497,4691,3196,0,0
Equation75[x = y ◇ (y ◇ (y ◇ x))],2,1643,4691,3050,0,0
Equation99[x = x ◇ ((x ◇ x) ◇ x)],1,1903,4692,2790,0,0
Equation100[x = x ◇ ((x ◇ x) ◇ y)],15,1610,4678,3083,0,0
Equation101[x = x ◇ ((x ◇ y) ◇ x)],14,1789,4679,2904,0,0
Equation102[x = x ◇ ((x ◇ y) ◇ y)],47,1582,4646,3111,0,0
Equation103[x = x ◇ ((x ◇ y) ◇ z)],151,1573,4542,3120,0,0
Equation104[x = x ◇ ((y ◇ x) ◇ x)],7,1807,4686,2886,0,0
Equation105[x = x ◇ ((y ◇ x) ◇ y)],2,1583,4691,3110,0,0
Equation106[x = x ◇ ((y ◇ x) ◇ z)],106,1572,4587,3121,0,0
Equation107[x = x ◇ ((y ◇ y) ◇ x)],2,1786,4691,2907,0,0
Equation108[x = x ◇ ((y ◇ y) ◇ y)],2,1583,4691,3110,0,0
Equation109[x = x ◇ ((y ◇ y) ◇ z)],72,1577,4621,3116,0,0
Equation111[x = x ◇ ((y ◇ z) ◇ y)],95,1570,4598,3123,0,0
Equation115[x = y ◇ ((x ◇ x) ◇ y)],4,1497,4689,3196,0,0
Equation117[x = y ◇ ((x ◇ y) ◇ x)],4,1688,4689,3005,0,0
Equation118[x = y ◇ ((x ◇ y) ◇ y)],6,1497,4687,3196,0,0
Equation124[x = y ◇ ((y ◇ x) ◇ x)],16,1679,4677,3014,0,0
Equation125[x = y ◇ ((y ◇ x) ◇ y)],9,1496,4684,3197,0,0
Equation127[x = y ◇ ((y ◇ y) ◇ x)],4,1687,4689,3006,0,0
Equation138[x = y ◇ ((z ◇ y) ◇ x)],61,1685,4632,3008,0,0
Equation151[x = (x ◇ x) ◇ (x ◇ x)],1,1981,4692,2712,0,0
Equation152[x = (x ◇ x) ◇ (x ◇ y)],9,1718,4684,2975,0,0
Equation153[x = (x ◇ x) ◇ (y ◇ x)],9,1872,4684,2821,0,0
Equation156[x = (x ◇ y) ◇ (x ◇ x)],9,1872,4684,2821,0,0
Equation159[x = (x ◇ y) ◇ (y ◇ x)],2,1881,4691,2812,0,0
Equation160[x = (x ◇ y) ◇ (y ◇ y)],4,1687,4689,3006,0,0
Equation161[x = (x ◇ y) ◇ (y ◇ z)],61,1685,4632,3008,0,0
Equation162[x = (x ◇ y) ◇ (z ◇ x)],45,1864,4648,2829,0,0
Equation166[x = (y ◇ x) ◇ (x ◇ x)],9,1718,4684,2975,0,0
Equation167[x = (y ◇ x) ◇ (x ◇ y)],2,1499,4691,3194,0,0
Equation168[x = (y ◇ x) ◇ (x ◇ z)],45,1498,4648,3195,0,0
Equation203[x = (x ◇ (x ◇ x)) ◇ x],1,1903,4692,2790,0,0
Equation205[x = (x ◇ (x ◇ y)) ◇ x],7,1807,4686,2886,0,0
Equation206[x = (x ◇ (x ◇ y)) ◇ y],16,1679,4677,3014,0,0
Equation208[x = (x ◇ (y ◇ x)) ◇ x],14,1789,4679,2904,0,0
Equation209[x = (x ◇ (y ◇ x)) ◇ y],4,1688,4689,3005,0,0
Equation211[x = (x ◇ (y ◇ y)) ◇ x],2,1786,4691,2907,0,0
Equation218[x = (y ◇ (x ◇ x)) ◇ x],15,1610,4678,3083,0,0
Equation219[x = (y ◇ (x ◇ x)) ◇ y],4,1497,4689,3196,0,0
Equation221[x = (y ◇ (x ◇ y)) ◇ x],2,1583,4691,3110,0,0
Equation222[x = (y ◇ (x ◇ y)) ◇ y],9,1496,4684,3197,0,0
Equation224[x = (y ◇ (x ◇ z)) ◇ x],106,1572,4587,3121,0,0
Equation228[x = (y ◇ (y ◇ x)) ◇ x],47,1582,4646,3111,0,0
Equation229[x = (y ◇ (y ◇ x)) ◇ y],6,1497,4687,3196,0,0
Equation231[x = (y ◇ (y ◇ y)) ◇ x],2,1583,4691,3110,0,0
Equation238[x = (y ◇ (z ◇ x)) ◇ x],151,1573,4542,3120,0,0
Equation242[x = (y ◇ (z ◇ y)) ◇ x],95,1570,4598,3123,0,0
Equation246[x = (y ◇ (z ◇ z)) ◇ x],72,1577,4621,3116,0,0
Equation255[x = ((x ◇ x) ◇ x) ◇ x],1,1830,4692,2863,0,0
Equation256[x = ((x ◇ x) ◇ x) ◇ y],346,1642,4347,3051,0,0
Equation257[x = ((x ◇ x) ◇ y) ◇ x],11,1722,4682,2971,0,0
Equation258[x = ((x ◇ x) ◇ y) ◇ y],15,1647,4678,3046,0,0
Equation260[x = ((x ◇ y) ◇ x) ◇ x],7,1746,4686,2947,0,0
Equation261[x = ((x ◇ y) ◇ x) ◇ y],2,1646,4691,3047,0,0
Equation263[x = ((x ◇ y) ◇ y) ◇ x],6,1725,4687,2968,0,0
Equation264[x = ((x ◇ y) ◇ y) ◇ y],2,1643,4691,3050,0,0
Equation266[x = ((x ◇ y) ◇ z) ◇ x],39,1717,4654,2976,0,0
Equation270[x = ((y ◇ x) ◇ x) ◇ x],49,1596,4644,3097,0,0
Equation271[x = ((y ◇ x) ◇ x) ◇ y],12,1496,4681,3197,0,0
Equation273[x = ((y ◇ x) ◇ y) ◇ x],4,1567,4689,3126,0,0
Equation274[x = ((y ◇ x) ◇ y) ◇ y],2,1497,4691,3196,0,0
Equation280[x = ((y ◇ y) ◇ x) ◇ x],3,1593,4690,3100,0,0
Equation283[x = ((y ◇ y) ◇ y) ◇ x],2,1569,4691,3124,0,0
Equation307[x ◇ x = x ◇ (x ◇ x)],2,2617,4691,2076,0,0
Equation308[x ◇ x = x ◇ (x ◇ y)],9,2337,4684,2356,0,0
Equation309[x ◇ x = x ◇ (y ◇ x)],11,2418,4682,2275,0,0
Equation310[x ◇ x = x ◇ (y ◇ y)],9,2341,4684,2352,0,0
Equation311[x ◇ x = x ◇ (y ◇ z)],62,2298,4631,2395,0,0
Equation312[x ◇ x = y ◇ (x ◇ x)],14,2077,4679,2616,0,0
Equation313[x ◇ x = y ◇ (x ◇ y)],10,1918,4683,2775,0,0
Equation314[x ◇ x = y ◇ (x ◇ z)],286,1916,4407,2777,0,0
Equation315[x ◇ x = y ◇ (y ◇ x)],8,2027,4685,2666,0,0
Equation316[x ◇ x = y ◇ (y ◇ y)],50,1954,4643,2739,0,0
Equation317[x ◇ x = y ◇ (y ◇ z)],85,1917,4608,2776,0,0
Equation318[x ◇ x = y ◇ (z ◇ x)],77,2025,4616,2668,0,0
Equation319[x ◇ x = y ◇ (z ◇ y)],93,1917,4600,2776,0,0
Equation323[x ◇ y = x ◇ (x ◇ y)],4,2445,4689,2248,0,0
Equation325[x ◇ y = x ◇ (y ◇ x)],6,2305,4687,2388,0,0
Equation326[x ◇ y = x ◇ (y ◇ y)],6,2491,4687,2202,0,0
Equation327[x ◇ y = x ◇ (y ◇ z)],41,2302,4652,2391,0,0
Equation329[x ◇ y = x ◇ (z ◇ y)],41,2408,4652,2285,0,0
Equation332[x ◇ y = y ◇ (x ◇ x)],37,1917,4656,2776,0,0
Equation333[x ◇ y = y ◇ (x ◇ y)],6,2031,4687,2662,0,0
Equation335[x ◇ y = y ◇ (y ◇ x)],11,1915,4682,2778,0,0
Equation336[x ◇ y = y ◇ (y ◇ y)],398,2022,4295,2671,0,0
Equation343[x ◇ y = z ◇ (x ◇ y)],41,2027,4652,2666,0,0
Equation359[x ◇ x = (x ◇ x) ◇ x],2,2617,4691,2076,0,0
Equation360[x ◇ x = (x ◇ x) ◇ y],14,2077,4679,2616,0,0
Equation361[x ◇ x = (x ◇ y) ◇ x],11,2418,4682,2275,0,0
Equation362[x ◇ x = (x ◇ y) ◇ y],8,2027,4685,2666,0,0
Equation363[x ◇ x = (x ◇ y) ◇ z],77,2025,4616,2668,0,0
Equation364[x ◇ x = (y ◇ x) ◇ x],9,2337,4684,2356,0,0
Equation365[x ◇ x = (y ◇ x) ◇ y],10,1918,4683,2775,0,0
Equation366[x ◇ x = (y ◇ x) ◇ z],286,1916,4407,2777,0,0
Equation367[x ◇ x = (y ◇ y) ◇ x],9,2341,4684,2352,0,0
Equation368[x ◇ x = (y ◇ y) ◇ y],50,1954,4643,2739,0,0
Equation370[x ◇ x = (y ◇ z) ◇ x],62,2298,4631,2395,0,0
Equation371[x ◇ x = (y ◇ z) ◇ y],93,1917,4600,2776,0,0
Equation372[x ◇ x = (y ◇ z) ◇ z],85,1917,4608,2776,0,0
Equation374[x ◇ y = (x ◇ x) ◇ x],398,2022,4295,2671,0,0
Equation375[x ◇ y = (x ◇ x) ◇ y],6,2491,4687,2202,0,0
Equation377[x ◇ y = (x ◇ y) ◇ x],6,2031,4687,2662,0,0
Equation378[x ◇ y = (x ◇ y) ◇ y],4,2445,4689,2248,0,0
Equation379[x ◇ y = (x ◇ y) ◇ z],41,2027,4652,2666,0,0
Equation381[x ◇ y = (x ◇ z) ◇ y],41,2408,4652,2285,0,0
Equation384[x ◇ y = (y ◇ x) ◇ x],11,1915,4682,2778,0,0
Equation385[x ◇ y = (y ◇ x) ◇ y],6,2305,4687,2388,0,0
Equation395[x ◇ y = (z ◇ x) ◇ y],41,2302,4652,2391,0,0
Equation411[x = x ◇ (x ◇ (x ◇ (x ◇ x)))],1,2076,4692,2617,0,0
Equation412[x = x ◇ (x ◇ (x ◇ (x ◇ y)))],40,1597,4653,3096,0,0
Equation413[x = x ◇ (x ◇ (x ◇ (y ◇ x)))],2,1832,4691,2861,0,0
Equation414[x = x ◇ (x ◇ (x ◇ (y ◇ y)))],3,1655,4690,3038,0,0
Equation416[x = x ◇ (x ◇ (y ◇ (x ◇ x)))],2,1807,4691,2886,0,0
Equation417[x = x ◇ (x ◇ (y ◇ (x ◇ y)))],2,1644,4691,3049,0,0
Equation418[x = x ◇ (x ◇ (y ◇ (x ◇ z)))],61,1591,4632,3102,0,0
Equation419[x = x ◇ (x ◇ (y ◇ (y ◇ x)))],2,1879,4691,2814,0,0
Equation420[x = x ◇ (x ◇ (y ◇ (y ◇ y)))],2,1591,4691,3102,0,0
Equation422[x = x ◇ (x ◇ (y ◇ (z ◇ x)))],5,1804,4688,2889,0,0
Equation426[x = x ◇ (y ◇ (x ◇ (x ◇ x)))],2,1802,4691,2891,0,0
Equation427[x = x ◇ (y ◇ (x ◇ (x ◇ y)))],3,1599,4690,3094,0,0
Equation428[x = x ◇ (y ◇ (x ◇ (x ◇ z)))],238,1568,4455,3125,0,0
Equation429[x = x ◇ (y ◇ (x ◇ (y ◇ x)))],2,1835,4691,2858,0,0
Equation430[x = x ◇ (y ◇ (x ◇ (y ◇ y)))],9,1571,4684,3122,0,0
Equation432[x = x ◇ (y ◇ (x ◇ (z ◇ x)))],9,1801,4684,2892,0,0
Equation433[x = x ◇ (y ◇ (x ◇ (z ◇ y)))],71,1568,4622,3125,0,0
Equation434[x = x ◇ (y ◇ (x ◇ (z ◇ z)))],144,1568,4549,3125,0,0
Equation436[x = x ◇ (y ◇ (y ◇ (x ◇ x)))],2,1890,4691,2803,0,0
Equation437[x = x ◇ (y ◇ (y ◇ (x ◇ y)))],2,1570,4691,3123,0,0
Equation439[x = x ◇ (y ◇ (y ◇ (y ◇ x)))],4,1784,4689,2909,0,0
Equation440[x = x ◇ (y ◇ (y ◇ (y ◇ y)))],2,1621,4691,3072,0,0
Equation442[x = x ◇ (y ◇ (y ◇ (z ◇ x)))],12,1781,4681,2912,0,0
Equation443[x = x ◇ (y ◇ (y ◇ (z ◇ y)))],5,1569,4688,3124,0,0
Equation446[x = x ◇ (y ◇ (z ◇ (x ◇ x)))],19,1779,4674,2914,0,0
Equation450[x = x ◇ (y ◇ (z ◇ (y ◇ x)))],12,1780,4681,2913,0,0
Equation452[x = x ◇ (y ◇ (z ◇ (y ◇ z)))],5,1580,4688,3113,0,0
Equation455[x = x ◇ (y ◇ (z ◇ (z ◇ y)))],48,1582,4645,3111,0,0
Equation463[x = y ◇ (x ◇ (x ◇ (x ◇ x)))],227,1705,4466,2988,0,0
Equation464[x = y ◇ (x ◇ (x ◇ (x ◇ y)))],11,1538,4682,3155,0,0
Equation466[x = y ◇ (x ◇ (x ◇ (y ◇ x)))],2,1793,4691,2900,0,0
Equation467[x = y ◇ (x ◇ (x ◇ (y ◇ y)))],2,1496,4691,3197,0,0
Equation473[x = y ◇ (x ◇ (y ◇ (x ◇ x)))],2,1744,4691,2949,0,0
Equation474[x = y ◇ (x ◇ (y ◇ (x ◇ y)))],9,1496,4684,3197,0,0
Equation476[x = y ◇ (x ◇ (y ◇ (y ◇ x)))],2,1706,4691,2987,0,0
Equation477[x = y ◇ (x ◇ (y ◇ (y ◇ y)))],2,1555,4691,3138,0,0
Equation481[x = y ◇ (x ◇ (y ◇ (z ◇ z)))],23,1514,4670,3179,0,0
Equation492[x = y ◇ (x ◇ (z ◇ (z ◇ y)))],293,1531,4400,3162,0,0
Equation500[x = y ◇ (y ◇ (x ◇ (x ◇ x)))],10,1778,4683,2915,0,0
Equation501[x = y ◇ (y ◇ (x ◇ (x ◇ y)))],2,1496,4691,3197,0,0
Equation503[x = y ◇ (y ◇ (x ◇ (y ◇ x)))],2,1706,4691,2987,0,0
Equation504[x = y ◇ (y ◇ (x ◇ (y ◇ y)))],2,1518,4691,3175,0,0
Equation508[x = y ◇ (y ◇ (x ◇ (z ◇ z)))],111,1510,4582,3183,0,0
Equation510[x = y ◇ (y ◇ (y ◇ (x ◇ x)))],6,1706,4687,2987,0,0
Equation511[x = y ◇ (y ◇ (y ◇ (x ◇ y)))],2,1546,4691,3147,0,0
Equation513[x = y ◇ (y ◇ (y ◇ (y ◇ x)))],2,1798,4691,2895,0,0
Equation543[x = y ◇ (z ◇ (x ◇ (y ◇ z)))],162,1507,4531,3186,0,0
Equation546[x = y ◇ (z ◇ (x ◇ (z ◇ y)))],70,1507,4623,3186,0,0
Equation556[x = y ◇ (z ◇ (y ◇ (x ◇ z)))],77,1513,4616,3180,0,0
Equation562[x = y ◇ (z ◇ (y ◇ (z ◇ x)))],5,1730,4688,2963,0,0
Equation614[x = x ◇ (x ◇ ((x ◇ x) ◇ x))],1,1939,4692,2754,0,0
Equation615[x = x ◇ (x ◇ ((x ◇ x) ◇ y))],3,1600,4690,3093,0,0
Equation616[x = x ◇ (x ◇ ((x ◇ y) ◇ x))],3,1754,4690,2939,0,0
Equation617[x = x ◇ (x ◇ ((x ◇ y) ◇ y))],10,1632,4683,3061,0,0
Equation618[x = x ◇ (x ◇ ((x ◇ y) ◇ z))],52,1591,4641,3102,0,0
Equation619[x = x ◇ (x ◇ ((y ◇ x) ◇ x))],2,1781,4691,2912,0,0
Equation620[x = x ◇ (x ◇ ((y ◇ x) ◇ y))],2,1652,4691,3041,0,0
Equation621[x = x ◇ (x ◇ ((y ◇ x) ◇ z))],10,1591,4683,3102,0,0
Equation622[x = x ◇ (x ◇ ((y ◇ y) ◇ x))],2,1774,4691,2919,0,0
Equation623[x = x ◇ (x ◇ ((y ◇ y) ◇ y))],2,1593,4691,3100,0,0
Equation624[x = x ◇ (x ◇ ((y ◇ y) ◇ z))],8,1592,4685,3101,0,0
Equation626[x = x ◇ (x ◇ ((y ◇ z) ◇ y))],11,1591,4682,3102,0,0
Equation629[x = x ◇ (y ◇ ((x ◇ x) ◇ x))],2,1724,4691,2969,0,0
Equation630[x = x ◇ (y ◇ ((x ◇ x) ◇ y))],2,1627,4691,3066,0,0
Equation632[x = x ◇ (y ◇ ((x ◇ y) ◇ x))],2,1750,4691,2943,0,0
Equation633[x = x ◇ (y ◇ ((x ◇ y) ◇ y))],2,1567,4691,3126,0,0
Equation635[x = x ◇ (y ◇ ((x ◇ z) ◇ x))],14,1718,4679,2975,0,0
Equation639[x = x ◇ (y ◇ ((y ◇ x) ◇ x))],2,1744,4691,2949,0,0
Equation640[x = x ◇ (y ◇ ((y ◇ x) ◇ y))],2,1568,4691,3125,0,0
Equation642[x = x ◇ (y ◇ ((y ◇ y) ◇ x))],2,1724,4691,2969,0,0
Equation643[x = x ◇ (y ◇ ((y ◇ y) ◇ y))],2,1583,4691,3110,0,0
Equation645[x = x ◇ (y ◇ ((y ◇ z) ◇ x))],11,1718,4682,2975,0,0
Equation646[x = x ◇ (y ◇ ((y ◇ z) ◇ y))],7,1567,4686,3126,0,0
Equation647[x = x ◇ (y ◇ ((y ◇ z) ◇ z))],47,1573,4646,3120,0,0
Equation653[x = x ◇ (y ◇ ((z ◇ y) ◇ x))],5,1720,4688,2973,0,0
Equation655[x = x ◇ (y ◇ ((z ◇ y) ◇ z))],50,1579,4643,3114,0,0
Equation657[x = x ◇ (y ◇ ((z ◇ z) ◇ x))],5,1718,4688,2975,0,0
Equation658[x = x ◇ (y ◇ ((z ◇ z) ◇ y))],47,1580,4646,3113,0,0
Equation667[x = y ◇ (x ◇ ((x ◇ x) ◇ y))],2,1524,4691,3169,0,0
Equation669[x = y ◇ (x ◇ ((x ◇ y) ◇ x))],2,1708,4691,2985,0,0
Equation670[x = y ◇ (x ◇ ((x ◇ y) ◇ y))],2,1496,4691,3197,0,0
Equation676[x = y ◇ (x ◇ ((y ◇ x) ◇ x))],2,1682,4691,3011,0,0
Equation677[x = y ◇ (x ◇ ((y ◇ x) ◇ y))],2,1496,4691,3197,0,0
Equation679[x = y ◇ (x ◇ ((y ◇ y) ◇ x))],2,1644,4691,3049,0,0
Equation680[x = y ◇ (x ◇ ((y ◇ y) ◇ y))],2,1560,4691,3133,0,0
Equation690[x = y ◇ (x ◇ ((z ◇ y) ◇ x))],11,1643,4682,3050,0,0
Equation692[x = y ◇ (x ◇ ((z ◇ y) ◇ z))],40,1553,4653,3140,0,0
Equation695[x = y ◇ (x ◇ ((z ◇ z) ◇ y))],70,1511,4623,3182,0,0
Equation703[x = y ◇ (y ◇ ((x ◇ x) ◇ x))],6,1690,4687,3003,0,0
Equation704[x = y ◇ (y ◇ ((x ◇ x) ◇ y))],2,1496,4691,3197,0,0
Equation706[x = y ◇ (y ◇ ((x ◇ y) ◇ x))],2,1646,4691,3047,0,0
Equation707[x = y ◇ (y ◇ ((x ◇ y) ◇ y))],2,1568,4691,3125,0,0
Equation713[x = y ◇ (y ◇ ((y ◇ x) ◇ x))],3,1646,4690,3047,0,0
Equation714[x = y ◇ (y ◇ ((y ◇ x) ◇ y))],14,1545,4679,3148,0,0
Equation716[x = y ◇ (y ◇ ((y ◇ y) ◇ x))],6,1663,4687,3030,0,0
Equation723[x = y ◇ (y ◇ ((z ◇ x) ◇ x))],34,1645,4659,3048,0,0
Equation727[x = y ◇ (y ◇ ((z ◇ y) ◇ x))],21,1645,4672,3048,0,0
Equation731[x = y ◇ (y ◇ ((z ◇ z) ◇ x))],19,1654,4674,3039,0,0
Equation765[x = y ◇ (z ◇ ((y ◇ z) ◇ x))],63,1651,4630,3042,0,0
Equation778[x = y ◇ (z ◇ ((z ◇ y) ◇ x))],25,1654,4668,3039,0,0
Equation817[x = x ◇ ((x ◇ x) ◇ (x ◇ x))],1,1927,4692,2766,0,0
Equation818[x = x ◇ ((x ◇ x) ◇ (x ◇ y))],3,1622,4690,3071,0,0
Equation819[x = x ◇ ((x ◇ x) ◇ (y ◇ x))],2,1769,4691,2924,0,0
Equation820[x = x ◇ ((x ◇ x) ◇ (y ◇ y))],10,1652,4683,3041,0,0
Equation822[x = x ◇ ((x ◇ y) ◇ (x ◇ x))],3,1736,4690,2957,0,0
Equation823[x = x ◇ ((x ◇ y) ◇ (x ◇ y))],10,1644,4683,3049,0,0
Equation824[x = x ◇ ((x ◇ y) ◇ (x ◇ z))],127,1575,4566,3118,0,0
Equation825[x = x ◇ ((x ◇ y) ◇ (y ◇ x))],2,1745,4691,2948,0,0
Equation826[x = x ◇ ((x ◇ y) ◇ (y ◇ y))],2,1583,4691,3110,0,0
Equation827[x = x ◇ ((x ◇ y) ◇ (y ◇ z))],59,1575,4634,3118,0,0
Equation828[x = x ◇ ((x ◇ y) ◇ (z ◇ x))],12,1725,4681,2968,0,0
Equation829[x = x ◇ ((x ◇ y) ◇ (z ◇ y))],127,1574,4566,3119,0,0
Equation832[x = x ◇ ((y ◇ x) ◇ (x ◇ x))],2,1768,4691,2925,0,0
Equation833[x = x ◇ ((y ◇ x) ◇ (x ◇ y))],2,1589,4691,3104,0,0
Equation834[x = x ◇ ((y ◇ x) ◇ (x ◇ z))],12,1573,4681,3120,0,0
Equation835[x = x ◇ ((y ◇ x) ◇ (y ◇ x))],2,1783,4691,2910,0,0
Equation836[x = x ◇ ((y ◇ x) ◇ (y ◇ y))],2,1580,4691,3113,0,0
Equation837[x = x ◇ ((y ◇ x) ◇ (y ◇ z))],8,1573,4685,3120,0,0
Equation838[x = x ◇ ((y ◇ x) ◇ (z ◇ x))],5,1725,4688,2968,0,0
Equation839[x = x ◇ ((y ◇ x) ◇ (z ◇ y))],71,1574,4622,3119,0,0
Equation840[x = x ◇ ((y ◇ x) ◇ (z ◇ z))],68,1575,4625,3118,0,0
Equation842[x = x ◇ ((y ◇ y) ◇ (x ◇ x))],2,1781,4691,2912,0,0
Equation843[x = x ◇ ((y ◇ y) ◇ (x ◇ y))],2,1582,4691,3111,0,0
Equation844[x = x ◇ ((y ◇ y) ◇ (x ◇ z))],47,1579,4646,3114,0,0
Equation845[x = x ◇ ((y ◇ y) ◇ (y ◇ x))],2,1734,4691,2959,0,0
Equation846[x = x ◇ ((y ◇ y) ◇ (y ◇ y))],2,1621,4691,3072,0,0
Equation847[x = x ◇ ((y ◇ y) ◇ (y ◇ z))],7,1578,4686,3115,0,0
Equation848[x = x ◇ ((y ◇ y) ◇ (z ◇ x))],6,1730,4687,2963,0,0
Equation854[x = x ◇ ((y ◇ z) ◇ (x ◇ z))],28,1569,4665,3124,0,0
Equation856[x = x ◇ ((y ◇ z) ◇ (y ◇ x))],10,1718,4683,2975,0,0
Equation860[x = x ◇ ((y ◇ z) ◇ (z ◇ x))],5,1718,4688,2975,0,0
Equation861[x = x ◇ ((y ◇ z) ◇ (z ◇ y))],5,1573,4688,3120,0,0
Equation870[x = y ◇ ((x ◇ x) ◇ (x ◇ y))],2,1520,4691,3173,0,0
Equation872[x = y ◇ ((x ◇ x) ◇ (y ◇ x))],2,1664,4691,3029,0,0
Equation873[x = y ◇ ((x ◇ x) ◇ (y ◇ y))],2,1498,4691,3195,0,0
Equation879[x = y ◇ ((x ◇ y) ◇ (x ◇ x))],2,1666,4691,3027,0,0
Equation880[x = y ◇ ((x ◇ y) ◇ (x ◇ y))],7,1496,4686,3197,0,0
Equation882[x = y ◇ ((x ◇ y) ◇ (y ◇ x))],2,1646,4691,3047,0,0
Equation883[x = y ◇ ((x ◇ y) ◇ (y ◇ y))],2,1511,4691,3182,0,0
Equation887[x = y ◇ ((x ◇ y) ◇ (z ◇ z))],298,1507,4395,3186,0,0
Equation895[x = y ◇ ((x ◇ z) ◇ (y ◇ z))],662,1501,4031,3192,0,0
Equation898[x = y ◇ ((x ◇ z) ◇ (z ◇ y))],15,1504,4678,3189,0,0
Equation906[x = y ◇ ((y ◇ x) ◇ (x ◇ x))],2,1664,4691,3029,0,0
Equation907[x = y ◇ ((y ◇ x) ◇ (x ◇ y))],2,1496,4691,3197,0,0
Equation910[x = y ◇ ((y ◇ x) ◇ (y ◇ y))],7,1517,4686,3176,0,0
Equation916[x = y ◇ ((y ◇ y) ◇ (x ◇ x))],9,1645,4684,3048,0,0
Equation917[x = y ◇ ((y ◇ y) ◇ (x ◇ y))],2,1523,4691,3170,0,0
Equation947[x = y ◇ ((z ◇ x) ◇ (y ◇ x))],36,1643,4657,3050,0,0
Equation960[x = y ◇ ((z ◇ y) ◇ (x ◇ x))],34,1644,4659,3049,0,0
Equation978[x = y ◇ ((z ◇ z) ◇ (x ◇ y))],83,1516,4610,3177,0,0
Equation1020[x = x ◇ ((x ◇ (x ◇ x)) ◇ x)],1,2050,4692,2643,0,0
Equation1021[x = x ◇ ((x ◇ (x ◇ x)) ◇ y)],3,1592,4690,3101,0,0
Equation1022[x = x ◇ ((x ◇ (x ◇ y)) ◇ x)],3,1809,4690,2884,0,0
Equation1023[x = x ◇ ((x ◇ (x ◇ y)) ◇ y)],2,1628,4691,3065,0,0
Equation1025[x = x ◇ ((x ◇ (y ◇ x)) ◇ x)],9,1814,4684,2879,0,0
Equation1026[x = x ◇ ((x ◇ (y ◇ x)) ◇ y)],3,1609,4690,3084,0,0
Equation1027[x = x ◇ ((x ◇ (y ◇ x)) ◇ z)],120,1575,4573,3118,0,0
Equation1028[x = x ◇ ((x ◇ (y ◇ y)) ◇ x)],2,1847,4691,2846,0,0
Equation1029[x = x ◇ ((x ◇ (y ◇ y)) ◇ y)],2,1583,4691,3110,0,0
Equation1032[x = x ◇ ((x ◇ (y ◇ z)) ◇ y)],60,1575,4633,3118,0,0
Equation1033[x = x ◇ ((x ◇ (y ◇ z)) ◇ z)],128,1574,4565,3119,0,0
Equation1035[x = x ◇ ((y ◇ (x ◇ x)) ◇ x)],2,1810,4691,2883,0,0
Equation1036[x = x ◇ ((y ◇ (x ◇ x)) ◇ y)],2,1661,4691,3032,0,0
Equation1037[x = x ◇ ((y ◇ (x ◇ x)) ◇ z)],284,1567,4409,3126,0,0
Equation1038[x = x ◇ ((y ◇ (x ◇ y)) ◇ x)],2,1842,4691,2851,0,0
Equation1039[x = x ◇ ((y ◇ (x ◇ y)) ◇ y)],2,1575,4691,3118,0,0
Equation1041[x = x ◇ ((y ◇ (x ◇ z)) ◇ x)],12,1770,4681,2923,0,0
Equation1042[x = x ◇ ((y ◇ (x ◇ z)) ◇ y)],51,1571,4642,3122,0,0
Equation1043[x = x ◇ ((y ◇ (x ◇ z)) ◇ z)],153,1567,4540,3126,0,0
Equation1045[x = x ◇ ((y ◇ (y ◇ x)) ◇ x)],2,1862,4691,2831,0,0
Equation1046[x = x ◇ ((y ◇ (y ◇ x)) ◇ y)],2,1573,4691,3120,0,0
Equation1048[x = x ◇ ((y ◇ (y ◇ y)) ◇ x)],2,1772,4691,2921,0,0
Equation1049[x = x ◇ ((y ◇ (y ◇ y)) ◇ y)],2,1621,4691,3072,0,0
Equation1050[x = x ◇ ((y ◇ (y ◇ y)) ◇ z)],7,1567,4686,3126,0,0
Equation1051[x = x ◇ ((y ◇ (y ◇ z)) ◇ x)],7,1769,4686,2924,0,0
Equation1052[x = x ◇ ((y ◇ (y ◇ z)) ◇ y)],9,1571,4684,3122,0,0
Equation1053[x = x ◇ ((y ◇ (y ◇ z)) ◇ z)],45,1584,4648,3109,0,0
Equation1055[x = x ◇ ((y ◇ (z ◇ x)) ◇ x)],12,1786,4681,2907,0,0
Equation1056[x = x ◇ ((y ◇ (z ◇ x)) ◇ y)],48,1571,4645,3122,0,0
Equation1060[x = x ◇ ((y ◇ (z ◇ y)) ◇ y)],75,1573,4618,3120,0,0
Equation1061[x = x ◇ ((y ◇ (z ◇ y)) ◇ z)],10,1579,4683,3114,0,0
Equation1063[x = x ◇ ((y ◇ (z ◇ z)) ◇ x)],5,1769,4688,2924,0,0
Equation1073[x = y ◇ ((x ◇ (x ◇ x)) ◇ y)],12,1557,4681,3136,0,0
Equation1075[x = y ◇ ((x ◇ (x ◇ y)) ◇ x)],2,1771,4691,2922,0,0
Equation1076[x = y ◇ ((x ◇ (x ◇ y)) ◇ y)],2,1496,4691,3197,0,0
Equation1082[x = y ◇ ((x ◇ (y ◇ x)) ◇ x)],3,1727,4690,2966,0,0
Equation1083[x = y ◇ ((x ◇ (y ◇ x)) ◇ y)],2,1496,4691,3197,0,0
Equation1085[x = y ◇ ((x ◇ (y ◇ y)) ◇ x)],2,1690,4691,3003,0,0
Equation1086[x = y ◇ ((x ◇ (y ◇ y)) ◇ y)],2,1524,4691,3169,0,0
Equation1090[x = y ◇ ((x ◇ (y ◇ z)) ◇ z)],162,1507,4531,3186,0,0
Equation1096[x = y ◇ ((x ◇ (z ◇ y)) ◇ x)],86,1687,4607,3006,0,0
Equation1098[x = y ◇ ((x ◇ (z ◇ y)) ◇ z)],70,1507,4623,3186,0,0
Equation1101[x = y ◇ ((x ◇ (z ◇ z)) ◇ y)],83,1516,4610,3177,0,0
Equation1109[x = y ◇ ((y ◇ (x ◇ x)) ◇ x)],2,1715,4691,2978,0,0
Equation1110[x = y ◇ ((y ◇ (x ◇ x)) ◇ y)],2,1496,4691,3197,0,0
Equation1112[x = y ◇ ((y ◇ (x ◇ y)) ◇ x)],2,1690,4691,3003,0,0
Equation1113[x = y ◇ ((y ◇ (x ◇ y)) ◇ y)],2,1583,4691,3110,0,0
Equation1117[x = y ◇ ((y ◇ (x ◇ z)) ◇ z)],5,1526,4688,3167,0,0
Equation1119[x = y ◇ ((y ◇ (y ◇ x)) ◇ x)],16,1679,4677,3014,0,0
Equation1122[x = y ◇ ((y ◇ (y ◇ y)) ◇ x)],4,1762,4689,2931,0,0
Equation1133[x = y ◇ ((y ◇ (z ◇ y)) ◇ x)],49,1689,4644,3004,0,0
Equation1137[x = y ◇ ((y ◇ (z ◇ z)) ◇ x)],10,1701,4683,2992,0,0
Equation1152[x = y ◇ ((z ◇ (x ◇ y)) ◇ z)],12,1557,4681,3136,0,0
Equation1167[x = y ◇ ((z ◇ (y ◇ y)) ◇ x)],49,1689,4644,3004,0,0
Equation1171[x = y ◇ ((z ◇ (y ◇ z)) ◇ x)],15,1726,4678,2967,0,0
Equation1184[x = y ◇ ((z ◇ (z ◇ y)) ◇ x)],10,1750,4683,2943,0,0
Equation1223[x = x ◇ (((x ◇ x) ◇ x) ◇ x)],1,1994,4692,2699,0,0
Equation1224[x = x ◇ (((x ◇ x) ◇ x) ◇ y)],3,1615,4690,3078,0,0
Equation1225[x = x ◇ (((x ◇ x) ◇ y) ◇ x)],3,1794,4690,2899,0,0
Equation1226[x = x ◇ (((x ◇ x) ◇ y) ◇ y)],10,1645,4683,3048,0,0
Equation1227[x = x ◇ (((x ◇ x) ◇ y) ◇ z)],20,1590,4673,3103,0,0
Equation1228[x = x ◇ (((x ◇ y) ◇ x) ◇ x)],3,1822,4690,2871,0,0
Equation1229[x = x ◇ (((x ◇ y) ◇ x) ◇ y)],2,1608,4691,3085,0,0
Equation1230[x = x ◇ (((x ◇ y) ◇ x) ◇ z)],25,1578,4668,3115,0,0
Equation1231[x = x ◇ (((x ◇ y) ◇ y) ◇ x)],10,1815,4683,2878,0,0
Equation1232[x = x ◇ (((x ◇ y) ◇ y) ◇ y)],40,1573,4653,3120,0,0
Equation1233[x = x ◇ (((x ◇ y) ◇ y) ◇ z)],127,1569,4566,3124,0,0
Equation1234[x = x ◇ (((x ◇ y) ◇ z) ◇ x)],19,1771,4674,2922,0,0
Equation1235[x = x ◇ (((x ◇ y) ◇ z) ◇ y)],137,1569,4556,3124,0,0
Equation1236[x = x ◇ (((x ◇ y) ◇ z) ◇ z)],127,1569,4566,3124,0,0
Equation1237[x = x ◇ (((x ◇ y) ◇ z) ◇ w)],161,1568,4532,3125,0,0
Equation1238[x = x ◇ (((y ◇ x) ◇ x) ◇ x)],2,1817,4691,2876,0,0
Equation1239[x = x ◇ (((y ◇ x) ◇ x) ◇ y)],2,1600,4691,3093,0,0
Equation1240[x = x ◇ (((y ◇ x) ◇ x) ◇ z)],10,1573,4683,3120,0,0
Equation1241[x = x ◇ (((y ◇ x) ◇ y) ◇ x)],2,1837,4691,2856,0,0
Equation1242[x = x ◇ (((y ◇ x) ◇ y) ◇ y)],2,1581,4691,3112,0,0
Equation1243[x = x ◇ (((y ◇ x) ◇ y) ◇ z)],8,1577,4685,3116,0,0
Equation1244[x = x ◇ (((y ◇ x) ◇ z) ◇ x)],10,1769,4683,2924,0,0
Equation1245[x = x ◇ (((y ◇ x) ◇ z) ◇ y)],8,1574,4685,3119,0,0
Equation1248[x = x ◇ (((y ◇ y) ◇ x) ◇ x)],2,1836,4691,2857,0,0
Equation1249[x = x ◇ (((y ◇ y) ◇ x) ◇ y)],2,1591,4691,3102,0,0
Equation1250[x = x ◇ (((y ◇ y) ◇ x) ◇ z)],7,1584,4686,3109,0,0
Equation1251[x = x ◇ (((y ◇ y) ◇ y) ◇ x)],2,1784,4691,2909,0,0
Equation1252[x = x ◇ (((y ◇ y) ◇ y) ◇ y)],2,1596,4691,3097,0,0
Equation1253[x = x ◇ (((y ◇ y) ◇ y) ◇ z)],7,1580,4686,3113,0,0
Equation1254[x = x ◇ (((y ◇ y) ◇ z) ◇ x)],7,1778,4686,2915,0,0
Equation1255[x = x ◇ (((y ◇ y) ◇ z) ◇ y)],10,1578,4683,3115,0,0
Equation1256[x = x ◇ (((y ◇ y) ◇ z) ◇ z)],47,1592,4646,3101,0,0
Equation1259[x = x ◇ (((y ◇ z) ◇ x) ◇ y)],7,1574,4686,3119,0,0
Equation1262[x = x ◇ (((y ◇ z) ◇ y) ◇ x)],7,1773,4686,2920,0,0
Equation1263[x = x ◇ (((y ◇ z) ◇ y) ◇ y)],10,1571,4683,3122,0,0
Equation1264[x = x ◇ (((y ◇ z) ◇ y) ◇ z)],50,1583,4643,3110,0,0
Equation1267[x = x ◇ (((y ◇ z) ◇ z) ◇ y)],50,1574,4643,3119,0,0
Equation1271[x = x ◇ (((y ◇ z) ◇ w) ◇ y)],102,1567,4591,3126,0,0
Equation1276[x = y ◇ (((x ◇ x) ◇ x) ◇ y)],2,1554,4691,3139,0,0
Equation1278[x = y ◇ (((x ◇ x) ◇ y) ◇ x)],2,1707,4691,2986,0,0
Equation1279[x = y ◇ (((x ◇ x) ◇ y) ◇ y)],2,1496,4691,3197,0,0
Equation1285[x = y ◇ (((x ◇ y) ◇ x) ◇ x)],2,1720,4691,2973,0,0
Equation1286[x = y ◇ (((x ◇ y) ◇ x) ◇ y)],2,1496,4691,3197,0,0
Equation1288[x = y ◇ (((x ◇ y) ◇ y) ◇ x)],2,1688,4691,3005,0,0
Equation1289[x = y ◇ (((x ◇ y) ◇ y) ◇ y)],10,1546,4683,3147,0,0
Equation1312[x = y ◇ (((y ◇ x) ◇ x) ◇ x)],13,1719,4680,2974,0,0
Equation1313[x = y ◇ (((y ◇ x) ◇ x) ◇ y)],3,1496,4690,3197,0,0
Equation1315[x = y ◇ (((y ◇ x) ◇ y) ◇ x)],2,1687,4691,3006,0,0
Equation1316[x = y ◇ (((y ◇ x) ◇ y) ◇ y)],8,1567,4685,3126,0,0
Equation1322[x = y ◇ (((y ◇ y) ◇ x) ◇ x)],2,1679,4691,3014,0,0
Equation1323[x = y ◇ (((y ◇ y) ◇ x) ◇ y)],5,1511,4688,3182,0,0
Equation1325[x = y ◇ (((y ◇ y) ◇ y) ◇ x)],4,1731,4689,2962,0,0
Equation1340[x = y ◇ (((y ◇ z) ◇ z) ◇ x)],64,1718,4629,2975,0,0
Equation1353[x = y ◇ (((z ◇ x) ◇ y) ◇ x)],7,1686,4686,3007,0,0
Equation1368[x = y ◇ (((z ◇ y) ◇ x) ◇ z)],15,1504,4678,3189,0,0
Equation1370[x = y ◇ (((z ◇ y) ◇ y) ◇ x)],10,1687,4683,3006,0,0
Equation1374[x = y ◇ (((z ◇ y) ◇ z) ◇ x)],78,1716,4615,2977,0,0
Equation1387[x = y ◇ (((z ◇ z) ◇ y) ◇ x)],10,1693,4683,3000,0,0
Equation1426[x = (x ◇ x) ◇ (x ◇ (x ◇ x))],1,2058,4692,2635,0,0
Equation1427[x = (x ◇ x) ◇ (x ◇ (x ◇ y))],2,1734,4691,2959,0,0
Equation1428[x = (x ◇ x) ◇ (x ◇ (y ◇ x))],2,1876,4691,2817,0,0
Equation1429[x = (x ◇ x) ◇ (x ◇ (y ◇ y))],2,1742,4691,2951,0,0
Equation1431[x = (x ◇ x) ◇ (y ◇ (x ◇ x))],2,1834,4691,2859,0,0
Equation1432[x = (x ◇ x) ◇ (y ◇ (x ◇ y))],10,1731,4683,2962,0,0
Equation1434[x = (x ◇ x) ◇ (y ◇ (y ◇ x))],2,1882,4691,2811,0,0
Equation1435[x = (x ◇ x) ◇ (y ◇ (y ◇ y))],2,1680,4691,3013,0,0
Equation1437[x = (x ◇ x) ◇ (y ◇ (z ◇ x))],5,1828,4688,2865,0,0
Equation1441[x = (x ◇ y) ◇ (x ◇ (x ◇ x))],2,1834,4691,2859,0,0
Equation1442[x = (x ◇ y) ◇ (x ◇ (x ◇ y))],4,1738,4689,2955,0,0
Equation1443[x = (x ◇ y) ◇ (x ◇ (x ◇ z))],7,1679,4686,3014,0,0
Equation1444[x = (x ◇ y) ◇ (x ◇ (y ◇ x))],3,1877,4690,2816,0,0
Equation1445[x = (x ◇ y) ◇ (x ◇ (y ◇ y))],2,1683,4691,3010,0,0
Equation1446[x = (x ◇ y) ◇ (x ◇ (y ◇ z))],16,1682,4677,3011,0,0
Equation1447[x = (x ◇ y) ◇ (x ◇ (z ◇ x))],7,1829,4686,2864,0,0
Equation1448[x = (x ◇ y) ◇ (x ◇ (z ◇ y))],39,1680,4654,3013,0,0
Equation1451[x = (x ◇ y) ◇ (y ◇ (x ◇ x))],2,1856,4691,2837,0,0
Equation1453[x = (x ◇ y) ◇ (y ◇ (x ◇ z))],7,1686,4686,3007,0,0
Equation1454[x = (x ◇ y) ◇ (y ◇ (y ◇ x))],2,1842,4691,2851,0,0
Equation1455[x = (x ◇ y) ◇ (y ◇ (y ◇ y))],4,1731,4689,2962,0,0
Equation1456[x = (x ◇ y) ◇ (y ◇ (y ◇ z))],10,1687,4683,3006,0,0
Equation1457[x = (x ◇ y) ◇ (y ◇ (z ◇ x))],5,1835,4688,2858,0,0
Equation1459[x = (x ◇ y) ◇ (y ◇ (z ◇ z))],10,1693,4683,3000,0,0
Equation1461[x = (x ◇ y) ◇ (z ◇ (x ◇ x))],15,1828,4678,2865,0,0
Equation1465[x = (x ◇ y) ◇ (z ◇ (y ◇ x))],26,1827,4667,2866,0,0
Equation1467[x = (x ◇ y) ◇ (z ◇ (y ◇ z))],78,1716,4615,2977,0,0
Equation1469[x = (x ◇ y) ◇ (z ◇ (z ◇ x))],10,1828,4683,2865,0,0
Equation1470[x = (x ◇ y) ◇ (z ◇ (z ◇ y))],64,1718,4629,2975,0,0
Equation1478[x = (y ◇ x) ◇ (x ◇ (x ◇ x))],2,1682,4691,3011,0,0
Equation1479[x = (y ◇ x) ◇ (x ◇ (x ◇ y))],2,1541,4691,3152,0,0
Equation1480[x = (y ◇ x) ◇ (x ◇ (x ◇ z))],5,1499,4688,3194,0,0
Equation1481[x = (y ◇ x) ◇ (x ◇ (y ◇ x))],4,1705,4689,2988,0,0
Equation1482[x = (y ◇ x) ◇ (x ◇ (y ◇ y))],2,1504,4691,3189,0,0
Equation1483[x = (y ◇ x) ◇ (x ◇ (y ◇ z))],14,1500,4679,3193,0,0
Equation1484[x = (y ◇ x) ◇ (x ◇ (z ◇ x))],10,1646,4683,3047,0,0
Equation1485[x = (y ◇ x) ◇ (x ◇ (z ◇ y))],10,1500,4683,3193,0,0
Equation1486[x = (y ◇ x) ◇ (x ◇ (z ◇ z))],5,1499,4688,3194,0,0
Equation1488[x = (y ◇ x) ◇ (y ◇ (x ◇ x))],2,1664,4691,3029,0,0
Equation1489[x = (y ◇ x) ◇ (y ◇ (x ◇ y))],3,1496,4690,3197,0,0
Equation1491[x = (y ◇ x) ◇ (y ◇ (y ◇ x))],8,1646,4685,3047,0,0
Equation1492[x = (y ◇ x) ◇ (y ◇ (y ◇ y))],10,1553,4683,3140,0,0
Equation1496[x = (y ◇ x) ◇ (y ◇ (z ◇ z))],39,1513,4654,3180,0,0
Equation1515[x = (y ◇ y) ◇ (x ◇ (x ◇ x))],2,1669,4691,3024,0,0
Equation1516[x = (y ◇ y) ◇ (x ◇ (x ◇ y))],2,1496,4691,3197,0,0
Equation1518[x = (y ◇ y) ◇ (x ◇ (y ◇ x))],4,1645,4689,3048,0,0
Equation1519[x = (y ◇ y) ◇ (x ◇ (y ◇ y))],2,1556,4691,3137,0,0
Equation1523[x = (y ◇ y) ◇ (x ◇ (z ◇ z))],18,1515,4675,3178,0,0
Equation1525[x = (y ◇ y) ◇ (y ◇ (x ◇ x))],2,1644,4691,3049,0,0
Equation1526[x = (y ◇ y) ◇ (y ◇ (x ◇ y))],3,1512,4690,3181,0,0
Equation1586[x = (y ◇ z) ◇ (z ◇ (x ◇ x))],11,1643,4682,3050,0,0
Equation1629[x = (x ◇ x) ◇ ((x ◇ x) ◇ x)],1,2206,4692,2487,0,0
Equation1630[x = (x ◇ x) ◇ ((x ◇ x) ◇ y)],9,1716,4684,2977,0,0
Equation1631[x = (x ◇ x) ◇ ((x ◇ y) ◇ x)],2,1920,4691,2773,0,0
Equation1632[x = (x ◇ x) ◇ ((x ◇ y) ◇ y)],2,1769,4691,2924,0,0
Equation1633[x = (x ◇ x) ◇ ((x ◇ y) ◇ z)],12,1696,4681,2997,0,0
Equation1634[x = (x ◇ x) ◇ ((y ◇ x) ◇ x)],2,1915,4691,2778,0,0
Equation1635[x = (x ◇ x) ◇ ((y ◇ x) ◇ y)],2,1757,4691,2936,0,0
Equation1636[x = (x ◇ x) ◇ ((y ◇ x) ◇ z)],69,1680,4624,3013,0,0
Equation1637[x = (x ◇ x) ◇ ((y ◇ y) ◇ x)],2,1947,4691,2746,0,0
Equation1638[x = (x ◇ x) ◇ ((y ◇ y) ◇ y)],2,1680,4691,3013,0,0
Equation1641[x = (x ◇ x) ◇ ((y ◇ z) ◇ y)],7,1679,4686,3014,0,0
Equation1644[x = (x ◇ y) ◇ ((x ◇ x) ◇ x)],2,1887,4691,2806,0,0
Equation1645[x = (x ◇ y) ◇ ((x ◇ x) ◇ y)],3,1702,4690,2991,0,0
Equation1647[x = (x ◇ y) ◇ ((x ◇ y) ◇ x)],4,1963,4689,2730,0,0
Equation1648[x = (x ◇ y) ◇ ((x ◇ y) ◇ y)],2,1679,4691,3014,0,0
Equation1650[x = (x ◇ y) ◇ ((x ◇ z) ◇ x)],7,1884,4686,2809,0,0
Equation1654[x = (x ◇ y) ◇ ((y ◇ x) ◇ x)],2,1945,4691,2748,0,0
Equation1655[x = (x ◇ y) ◇ ((y ◇ x) ◇ y)],2,1690,4691,3003,0,0
Equation1656[x = (x ◇ y) ◇ ((y ◇ x) ◇ z)],86,1687,4607,3006,0,0
Equation1657[x = (x ◇ y) ◇ ((y ◇ y) ◇ x)],2,1892,4691,2801,0,0
Equation1658[x = (x ◇ y) ◇ ((y ◇ y) ◇ y)],4,1762,4689,2931,0,0
Equation1659[x = (x ◇ y) ◇ ((y ◇ y) ◇ z)],49,1689,4644,3004,0,0
Equation1660[x = (x ◇ y) ◇ ((y ◇ z) ◇ x)],12,1875,4681,2818,0,0
Equation1661[x = (x ◇ y) ◇ ((y ◇ z) ◇ y)],49,1689,4644,3004,0,0
Equation1662[x = (x ◇ y) ◇ ((y ◇ z) ◇ z)],10,1750,4683,2943,0,0
Equation1664[x = (x ◇ y) ◇ ((z ◇ x) ◇ x)],5,1867,4688,2826,0,0
Equation1668[x = (x ◇ y) ◇ ((z ◇ y) ◇ x)],12,1875,4681,2818,0,0
Equation1670[x = (x ◇ y) ◇ ((z ◇ y) ◇ z)],15,1726,4678,2967,0,0
Equation1672[x = (x ◇ y) ◇ ((z ◇ z) ◇ x)],5,1867,4688,2826,0,0
Equation1673[x = (x ◇ y) ◇ ((z ◇ z) ◇ y)],10,1701,4683,2992,0,0
Equation1681[x = (y ◇ x) ◇ ((x ◇ x) ◇ x)],2,1715,4691,2978,0,0
Equation1682[x = (y ◇ x) ◇ ((x ◇ x) ◇ y)],3,1524,4690,3169,0,0
Equation1684[x = (y ◇ x) ◇ ((x ◇ y) ◇ x)],2,1754,4691,2939,0,0
Equation1685[x = (y ◇ x) ◇ ((x ◇ y) ◇ y)],2,1497,4691,3196,0,0
Equation1687[x = (y ◇ x) ◇ ((x ◇ z) ◇ x)],43,1682,4650,3011,0,0
Equation1691[x = (y ◇ x) ◇ ((y ◇ x) ◇ x)],2,1779,4691,2914,0,0
Equation1692[x = (y ◇ x) ◇ ((y ◇ x) ◇ y)],2,1496,4691,3197,0,0
Equation1694[x = (y ◇ x) ◇ ((y ◇ y) ◇ x)],2,1683,4691,3010,0,0
Equation1695[x = (y ◇ x) ◇ ((y ◇ y) ◇ y)],8,1559,4685,3134,0,0
Equation1697[x = (y ◇ x) ◇ ((y ◇ z) ◇ x)],39,1680,4654,3013,0,0
Equation1701[x = (y ◇ x) ◇ ((z ◇ x) ◇ x)],5,1713,4688,2980,0,0
Equation1705[x = (y ◇ x) ◇ ((z ◇ y) ◇ x)],16,1682,4677,3011,0,0
Equation1718[x = (y ◇ y) ◇ ((x ◇ x) ◇ x)],7,1749,4686,2944,0,0
Equation1719[x = (y ◇ y) ◇ ((x ◇ x) ◇ y)],2,1496,4691,3197,0,0
Equation1721[x = (y ◇ y) ◇ ((x ◇ y) ◇ x)],2,1691,4691,3002,0,0
Equation1722[x = (y ◇ y) ◇ ((x ◇ y) ◇ y)],2,1518,4691,3175,0,0
Equation1724[x = (y ◇ y) ◇ ((x ◇ z) ◇ x)],21,1681,4672,3012,0,0
Equation1726[x = (y ◇ y) ◇ ((x ◇ z) ◇ z)],111,1510,4582,3183,0,0
Equation1728[x = (y ◇ y) ◇ ((y ◇ x) ◇ x)],2,1680,4691,3013,0,0
Equation1729[x = (y ◇ y) ◇ ((y ◇ x) ◇ y)],4,1523,4689,3170,0,0
Equation1731[x = (y ◇ y) ◇ ((y ◇ y) ◇ x)],2,1806,4691,2887,0,0
Equation1738[x = (y ◇ y) ◇ ((z ◇ x) ◇ x)],22,1679,4671,3014,0,0
Equation1793[x = (y ◇ z) ◇ ((z ◇ y) ◇ x)],5,1723,4688,2970,0,0
Equation1832[x = (x ◇ (x ◇ x)) ◇ (x ◇ x)],1,2206,4692,2487,0,0
Equation1833[x = (x ◇ (x ◇ x)) ◇ (x ◇ y)],2,1715,4691,2978,0,0
Equation1834[x = (x ◇ (x ◇ x)) ◇ (y ◇ x)],2,1887,4691,2806,0,0
Equation1835[x = (x ◇ (x ◇ x)) ◇ (y ◇ y)],7,1749,4686,2944,0,0
Equation1837[x = (x ◇ (x ◇ y)) ◇ (x ◇ x)],2,1915,4691,2778,0,0
Equation1838[x = (x ◇ (x ◇ y)) ◇ (x ◇ y)],2,1779,4691,2914,0,0
Equation1839[x = (x ◇ (x ◇ y)) ◇ (x ◇ z)],5,1713,4688,2980,0,0
Equation1840[x = (x ◇ (x ◇ y)) ◇ (y ◇ x)],2,1945,4691,2748,0,0
Equation1841[x = (x ◇ (x ◇ y)) ◇ (y ◇ y)],2,1680,4691,3013,0,0
Equation1843[x = (x ◇ (x ◇ y)) ◇ (z ◇ x)],5,1867,4688,2826,0,0
Equation1845[x = (x ◇ (x ◇ y)) ◇ (z ◇ z)],22,1679,4671,3014,0,0
Equation1847[x = (x ◇ (y ◇ x)) ◇ (x ◇ x)],2,1920,4691,2773,0,0
Equation1848[x = (x ◇ (y ◇ x)) ◇ (x ◇ y)],2,1754,4691,2939,0,0
Equation1849[x = (x ◇ (y ◇ x)) ◇ (x ◇ z)],43,1682,4650,3011,0,0
Equation1850[x = (x ◇ (y ◇ x)) ◇ (y ◇ x)],4,1963,4689,2730,0,0
Equation1851[x = (x ◇ (y ◇ x)) ◇ (y ◇ y)],2,1691,4691,3002,0,0
Equation1853[x = (x ◇ (y ◇ x)) ◇ (z ◇ x)],7,1884,4686,2809,0,0
Equation1855[x = (x ◇ (y ◇ x)) ◇ (z ◇ z)],21,1681,4672,3012,0,0
Equation1857[x = (x ◇ (y ◇ y)) ◇ (x ◇ x)],2,1947,4691,2746,0,0
Equation1858[x = (x ◇ (y ◇ y)) ◇ (x ◇ y)],2,1683,4691,3010,0,0
Equation1860[x = (x ◇ (y ◇ y)) ◇ (y ◇ x)],2,1892,4691,2801,0,0
Equation1861[x = (x ◇ (y ◇ y)) ◇ (y ◇ y)],2,1806,4691,2887,0,0
Equation1863[x = (x ◇ (y ◇ y)) ◇ (z ◇ x)],5,1867,4688,2826,0,0
Equation1876[x = (x ◇ (y ◇ z)) ◇ (z ◇ y)],5,1723,4688,2970,0,0
Equation1884[x = (y ◇ (x ◇ x)) ◇ (x ◇ x)],9,1716,4684,2977,0,0
Equation1885[x = (y ◇ (x ◇ x)) ◇ (x ◇ y)],3,1524,4690,3169,0,0
Equation1887[x = (y ◇ (x ◇ x)) ◇ (y ◇ x)],3,1702,4690,2991,0,0
Equation1888[x = (y ◇ (x ◇ x)) ◇ (y ◇ y)],2,1496,4691,3197,0,0
Equation1894[x = (y ◇ (x ◇ y)) ◇ (x ◇ x)],2,1757,4691,2936,0,0
Equation1895[x = (y ◇ (x ◇ y)) ◇ (x ◇ y)],2,1496,4691,3197,0,0
Equation1897[x = (y ◇ (x ◇ y)) ◇ (y ◇ x)],2,1690,4691,3003,0,0
Equation1898[x = (y ◇ (x ◇ y)) ◇ (y ◇ y)],4,1523,4689,3170,0,0
Equation1904[x = (y ◇ (x ◇ z)) ◇ (x ◇ x)],69,1680,4624,3013,0,0
Equation1921[x = (y ◇ (y ◇ x)) ◇ (x ◇ x)],2,1769,4691,2924,0,0
Equation1922[x = (y ◇ (y ◇ x)) ◇ (x ◇ y)],2,1497,4691,3196,0,0
Equation1924[x = (y ◇ (y ◇ x)) ◇ (y ◇ x)],2,1679,4691,3014,0,0
Equation1925[x = (y ◇ (y ◇ x)) ◇ (y ◇ y)],2,1518,4691,3175,0,0
Equation1931[x = (y ◇ (y ◇ y)) ◇ (x ◇ x)],2,1680,4691,3013,0,0
Equation1958[x = (y ◇ (z ◇ x)) ◇ (x ◇ x)],12,1696,4681,2997,0,0
Equation1975[x = (y ◇ (z ◇ y)) ◇ (x ◇ x)],7,1679,4686,3014,0,0
Equation2035[x = ((x ◇ x) ◇ x) ◇ (x ◇ x)],1,2058,4692,2635,0,0
Equation2036[x = ((x ◇ x) ◇ x) ◇ (x ◇ y)],2,1682,4691,3011,0,0
Equation2037[x = ((x ◇ x) ◇ x) ◇ (y ◇ x)],2,1834,4691,2859,0,0
Equation2038[x = ((x ◇ x) ◇ x) ◇ (y ◇ y)],2,1669,4691,3024,0,0
Equation2040[x = ((x ◇ x) ◇ y) ◇ (x ◇ x)],2,1834,4691,2859,0,0
Equation2041[x = ((x ◇ x) ◇ y) ◇ (x ◇ y)],2,1664,4691,3029,0,0
Equation2043[x = ((x ◇ x) ◇ y) ◇ (y ◇ x)],2,1856,4691,2837,0,0
Equation2044[x = ((x ◇ x) ◇ y) ◇ (y ◇ y)],2,1644,4691,3049,0,0
Equation2045[x = ((x ◇ x) ◇ y) ◇ (y ◇ z)],11,1643,4682,3050,0,0
Equation2046[x = ((x ◇ x) ◇ y) ◇ (z ◇ x)],15,1828,4678,2865,0,0
Equation2050[x = ((x ◇ y) ◇ x) ◇ (x ◇ x)],2,1876,4691,2817,0,0
Equation2051[x = ((x ◇ y) ◇ x) ◇ (x ◇ y)],4,1705,4689,2988,0,0
Equation2052[x = ((x ◇ y) ◇ x) ◇ (x ◇ z)],10,1646,4683,3047,0,0
Equation2053[x = ((x ◇ y) ◇ x) ◇ (y ◇ x)],3,1877,4690,2816,0,0
Equation2054[x = ((x ◇ y) ◇ x) ◇ (y ◇ y)],4,1645,4689,3048,0,0
Equation2055[x = ((x ◇ y) ◇ x) ◇ (y ◇ z)],34,1644,4659,3049,0,0
Equation2056[x = ((x ◇ y) ◇ x) ◇ (z ◇ x)],7,1829,4686,2864,0,0
Equation2060[x = ((x ◇ y) ◇ y) ◇ (x ◇ x)],2,1882,4691,2811,0,0
Equation2061[x = ((x ◇ y) ◇ y) ◇ (x ◇ y)],8,1646,4685,3047,0,0
Equation2062[x = ((x ◇ y) ◇ y) ◇ (x ◇ z)],34,1645,4659,3048,0,0
Equation2063[x = ((x ◇ y) ◇ y) ◇ (y ◇ x)],2,1842,4691,2851,0,0
Equation2064[x = ((x ◇ y) ◇ y) ◇ (y ◇ y)],6,1663,4687,3030,0,0
Equation2065[x = ((x ◇ y) ◇ y) ◇ (y ◇ z)],21,1645,4672,3048,0,0
Equation2066[x = ((x ◇ y) ◇ y) ◇ (z ◇ x)],10,1828,4683,2865,0,0
Equation2068[x = ((x ◇ y) ◇ y) ◇ (z ◇ z)],19,1654,4674,3039,0,0
Equation2070[x = ((x ◇ y) ◇ z) ◇ (x ◇ x)],5,1828,4688,2865,0,0
Equation2074[x = ((x ◇ y) ◇ z) ◇ (y ◇ x)],26,1827,4667,2866,0,0
Equation2076[x = ((x ◇ y) ◇ z) ◇ (y ◇ z)],63,1651,4630,3042,0,0
Equation2078[x = ((x ◇ y) ◇ z) ◇ (z ◇ x)],5,1835,4688,2858,0,0
Equation2079[x = ((x ◇ y) ◇ z) ◇ (z ◇ y)],25,1654,4668,3039,0,0
Equation2087[x = ((y ◇ x) ◇ x) ◇ (x ◇ x)],2,1734,4691,2959,0,0
Equation2088[x = ((y ◇ x) ◇ x) ◇ (x ◇ y)],2,1541,4691,3152,0,0
Equation2089[x = ((y ◇ x) ◇ x) ◇ (x ◇ z)],5,1499,4688,3194,0,0
Equation2090[x = ((y ◇ x) ◇ x) ◇ (y ◇ x)],4,1738,4689,2955,0,0
Equation2091[x = ((y ◇ x) ◇ x) ◇ (y ◇ y)],2,1496,4691,3197,0,0
Equation2093[x = ((y ◇ x) ◇ x) ◇ (z ◇ x)],7,1679,4686,3014,0,0
Equation2097[x = ((y ◇ x) ◇ y) ◇ (x ◇ x)],10,1731,4683,2962,0,0
Equation2098[x = ((y ◇ x) ◇ y) ◇ (x ◇ y)],3,1496,4690,3197,0,0
Equation2101[x = ((y ◇ x) ◇ y) ◇ (y ◇ y)],3,1512,4690,3181,0,0
Equation2115[x = ((y ◇ x) ◇ z) ◇ (z ◇ x)],7,1686,4686,3007,0,0
Equation2124[x = ((y ◇ y) ◇ x) ◇ (x ◇ x)],2,1742,4691,2951,0,0
Equation2125[x = ((y ◇ y) ◇ x) ◇ (x ◇ y)],2,1504,4691,3189,0,0
Equation2126[x = ((y ◇ y) ◇ x) ◇ (x ◇ z)],5,1499,4688,3194,0,0
Equation2127[x = ((y ◇ y) ◇ x) ◇ (y ◇ x)],2,1683,4691,3010,0,0
Equation2128[x = ((y ◇ y) ◇ x) ◇ (y ◇ y)],2,1556,4691,3137,0,0
Equation2132[x = ((y ◇ y) ◇ x) ◇ (z ◇ z)],18,1515,4675,3178,0,0
Equation2134[x = ((y ◇ y) ◇ y) ◇ (x ◇ x)],2,1680,4691,3013,0,0
Equation2238[x = (x ◇ (x ◇ (x ◇ x))) ◇ x],1,1994,4692,2699,0,0
Equation2240[x = (x ◇ (x ◇ (x ◇ y))) ◇ x],2,1817,4691,2876,0,0
Equation2241[x = (x ◇ (x ◇ (x ◇ y))) ◇ y],13,1719,4680,2974,0,0
Equation2243[x = (x ◇ (x ◇ (y ◇ x))) ◇ x],3,1822,4690,2871,0,0
Equation2244[x = (x ◇ (x ◇ (y ◇ x))) ◇ y],2,1720,4691,2973,0,0
Equation2246[x = (x ◇ (x ◇ (y ◇ y))) ◇ x],2,1836,4691,2857,0,0
Equation2247[x = (x ◇ (x ◇ (y ◇ y))) ◇ y],2,1679,4691,3014,0,0
Equation2253[x = (x ◇ (y ◇ (x ◇ x))) ◇ x],3,1794,4690,2899,0,0
Equation2254[x = (x ◇ (y ◇ (x ◇ x))) ◇ y],2,1707,4691,2986,0,0
Equation2256[x = (x ◇ (y ◇ (x ◇ y))) ◇ x],2,1837,4691,2856,0,0
Equation2257[x = (x ◇ (y ◇ (x ◇ y))) ◇ y],2,1687,4691,3006,0,0
Equation2259[x = (x ◇ (y ◇ (x ◇ z))) ◇ x],10,1769,4683,2924,0,0
Equation2260[x = (x ◇ (y ◇ (x ◇ z))) ◇ y],7,1686,4686,3007,0,0
Equation2263[x = (x ◇ (y ◇ (y ◇ x))) ◇ x],10,1815,4683,2878,0,0
Equation2264[x = (x ◇ (y ◇ (y ◇ x))) ◇ y],2,1688,4691,3005,0,0
Equation2266[x = (x ◇ (y ◇ (y ◇ y))) ◇ x],2,1784,4691,2909,0,0
Equation2273[x = (x ◇ (y ◇ (z ◇ x))) ◇ x],19,1771,4674,2922,0,0
Equation2277[x = (x ◇ (y ◇ (z ◇ y))) ◇ x],7,1773,4686,2920,0,0
Equation2281[x = (x ◇ (y ◇ (z ◇ z))) ◇ x],7,1778,4686,2915,0,0
Equation2290[x = (y ◇ (x ◇ (x ◇ x))) ◇ x],3,1615,4690,3078,0,0
Equation2291[x = (y ◇ (x ◇ (x ◇ x))) ◇ y],2,1554,4691,3139,0,0
Equation2293[x = (y ◇ (x ◇ (x ◇ y))) ◇ x],2,1600,4691,3093,0,0
Equation2294[x = (y ◇ (x ◇ (x ◇ y))) ◇ y],3,1496,4690,3197,0,0
Equation2296[x = (y ◇ (x ◇ (x ◇ z))) ◇ x],10,1573,4683,3120,0,0
Equation2300[x = (y ◇ (x ◇ (y ◇ x))) ◇ x],2,1608,4691,3085,0,0
Equation2301[x = (y ◇ (x ◇ (y ◇ x))) ◇ y],2,1496,4691,3197,0,0
Equation2303[x = (y ◇ (x ◇ (y ◇ y))) ◇ x],2,1591,4691,3102,0,0
Equation2304[x = (y ◇ (x ◇ (y ◇ y))) ◇ y],5,1511,4688,3182,0,0
Equation2306[x = (y ◇ (x ◇ (y ◇ z))) ◇ x],71,1574,4622,3119,0,0
Equation2310[x = (y ◇ (x ◇ (z ◇ x))) ◇ x],25,1578,4668,3115,0,0
Equation2314[x = (y ◇ (x ◇ (z ◇ y))) ◇ x],7,1574,4686,3119,0,0
Equation2318[x = (y ◇ (x ◇ (z ◇ z))) ◇ x],7,1584,4686,3109,0,0
Equation2327[x = (y ◇ (y ◇ (x ◇ x))) ◇ x],10,1645,4683,3048,0,0
Equation2328[x = (y ◇ (y ◇ (x ◇ x))) ◇ y],2,1496,4691,3197,0,0
Equation2330[x = (y ◇ (y ◇ (x ◇ y))) ◇ x],2,1581,4691,3112,0,0
Equation2337[x = (y ◇ (y ◇ (y ◇ x))) ◇ x],40,1573,4653,3120,0,0
Equation2338[x = (y ◇ (y ◇ (y ◇ x))) ◇ y],10,1546,4683,3147,0,0
Equation2340[x = (y ◇ (y ◇ (y ◇ y))) ◇ x],2,1596,4691,3097,0,0
Equation2347[x = (y ◇ (y ◇ (z ◇ x))) ◇ x],127,1569,4566,3124,0,0
Equation2351[x = (y ◇ (y ◇ (z ◇ y))) ◇ x],10,1571,4683,3122,0,0
Equation2355[x = (y ◇ (y ◇ (z ◇ z))) ◇ x],47,1592,4646,3101,0,0
Equation2364[x = (y ◇ (z ◇ (x ◇ x))) ◇ x],20,1590,4673,3103,0,0
Equation2368[x = (y ◇ (z ◇ (x ◇ y))) ◇ x],8,1574,4685,3119,0,0
Equation2372[x = (y ◇ (z ◇ (x ◇ z))) ◇ x],8,1577,4685,3116,0,0
Equation2381[x = (y ◇ (z ◇ (y ◇ x))) ◇ x],137,1569,4556,3124,0,0
Equation2385[x = (y ◇ (z ◇ (y ◇ y))) ◇ x],10,1578,4683,3115,0,0
Equation2389[x = (y ◇ (z ◇ (y ◇ z))) ◇ x],50,1583,4643,3110,0,0
Equation2398[x = (y ◇ (z ◇ (z ◇ x))) ◇ x],127,1569,4566,3124,0,0
Equation2402[x = (y ◇ (z ◇ (z ◇ y))) ◇ x],50,1574,4643,3119,0,0
Equation2406[x = (y ◇ (z ◇ (z ◇ z))) ◇ x],7,1580,4686,3113,0,0
Equation2415[x = (y ◇ (z ◇ (w ◇ x))) ◇ x],161,1568,4532,3125,0,0
Equation2420[x = (y ◇ (z ◇ (w ◇ y))) ◇ x],102,1567,4591,3126,0,0
Equation2441[x = (x ◇ ((x ◇ x) ◇ x)) ◇ x],1,2050,4692,2643,0,0
Equation2443[x = (x ◇ ((x ◇ x) ◇ y)) ◇ x],2,1810,4691,2883,0,0
Equation2444[x = (x ◇ ((x ◇ x) ◇ y)) ◇ y],2,1715,4691,2978,0,0
Equation2446[x = (x ◇ ((x ◇ y) ◇ x)) ◇ x],9,1814,4684,2879,0,0
Equation2447[x = (x ◇ ((x ◇ y) ◇ x)) ◇ y],3,1727,4690,2966,0,0
Equation2449[x = (x ◇ ((x ◇ y) ◇ y)) ◇ x],2,1862,4691,2831,0,0
Equation2450[x = (x ◇ ((x ◇ y) ◇ y)) ◇ y],16,1679,4677,3014,0,0
Equation2452[x = (x ◇ ((x ◇ y) ◇ z)) ◇ x],12,1786,4681,2907,0,0
Equation2456[x = (x ◇ ((y ◇ x) ◇ x)) ◇ x],3,1809,4690,2884,0,0
Equation2457[x = (x ◇ ((y ◇ x) ◇ x)) ◇ y],2,1771,4691,2922,0,0
Equation2459[x = (x ◇ ((y ◇ x) ◇ y)) ◇ x],2,1842,4691,2851,0,0
Equation2460[x = (x ◇ ((y ◇ x) ◇ y)) ◇ y],2,1690,4691,3003,0,0
Equation2462[x = (x ◇ ((y ◇ x) ◇ z)) ◇ x],12,1770,4681,2923,0,0
Equation2466[x = (x ◇ ((y ◇ y) ◇ x)) ◇ x],2,1847,4691,2846,0,0
Equation2467[x = (x ◇ ((y ◇ y) ◇ x)) ◇ y],2,1690,4691,3003,0,0
Equation2469[x = (x ◇ ((y ◇ y) ◇ y)) ◇ x],2,1772,4691,2921,0,0
Equation2472[x = (x ◇ ((y ◇ y) ◇ z)) ◇ x],5,1769,4688,2924,0,0
Equation2484[x = (x ◇ ((y ◇ z) ◇ z)) ◇ x],7,1769,4686,2924,0,0
Equation2493[x = (y ◇ ((x ◇ x) ◇ x)) ◇ x],3,1592,4690,3101,0,0
Equation2496[x = (y ◇ ((x ◇ x) ◇ y)) ◇ x],2,1661,4691,3032,0,0
Equation2497[x = (y ◇ ((x ◇ x) ◇ y)) ◇ y],2,1496,4691,3197,0,0
Equation2499[x = (y ◇ ((x ◇ x) ◇ z)) ◇ x],284,1567,4409,3126,0,0
Equation2503[x = (y ◇ ((x ◇ y) ◇ x)) ◇ x],3,1609,4690,3084,0,0
Equation2504[x = (y ◇ ((x ◇ y) ◇ x)) ◇ y],2,1496,4691,3197,0,0
Equation2506[x = (y ◇ ((x ◇ y) ◇ y)) ◇ x],2,1573,4691,3120,0,0
Equation2507[x = (y ◇ ((x ◇ y) ◇ y)) ◇ y],14,1545,4679,3148,0,0
Equation2513[x = (y ◇ ((x ◇ z) ◇ x)) ◇ x],120,1575,4573,3118,0,0
Equation2517[x = (y ◇ ((x ◇ z) ◇ y)) ◇ x],48,1571,4645,3122,0,0
Equation2530[x = (y ◇ ((y ◇ x) ◇ x)) ◇ x],2,1628,4691,3065,0,0
Equation2531[x = (y ◇ ((y ◇ x) ◇ x)) ◇ y],2,1496,4691,3197,0,0
Equation2533[x = (y ◇ ((y ◇ x) ◇ y)) ◇ x],2,1575,4691,3118,0,0
Equation2534[x = (y ◇ ((y ◇ x) ◇ y)) ◇ y],2,1583,4691,3110,0,0
Equation2536[x = (y ◇ ((y ◇ x) ◇ z)) ◇ x],153,1567,4540,3126,0,0
Equation2538[x = (y ◇ ((y ◇ x) ◇ z)) ◇ z],5,1526,4688,3167,0,0
Equation2540[x = (y ◇ ((y ◇ y) ◇ x)) ◇ x],2,1583,4691,3110,0,0
Equation2541[x = (y ◇ ((y ◇ y) ◇ x)) ◇ y],2,1524,4691,3169,0,0
Equation2543[x = (y ◇ ((y ◇ y) ◇ y)) ◇ x],2,1621,4691,3072,0,0
Equation2550[x = (y ◇ ((y ◇ z) ◇ x)) ◇ x],128,1574,4565,3119,0,0
Equation2554[x = (y ◇ ((y ◇ z) ◇ y)) ◇ x],75,1573,4618,3120,0,0
Equation2558[x = (y ◇ ((y ◇ z) ◇ z)) ◇ x],45,1584,4648,3109,0,0
Equation2571[x = (y ◇ ((z ◇ x) ◇ y)) ◇ x],51,1571,4642,3122,0,0
Equation2584[x = (y ◇ ((z ◇ y) ◇ x)) ◇ x],60,1575,4633,3118,0,0
Equation2588[x = (y ◇ ((z ◇ y) ◇ y)) ◇ x],9,1571,4684,3122,0,0
Equation2592[x = (y ◇ ((z ◇ y) ◇ z)) ◇ x],10,1579,4683,3114,0,0
Equation2609[x = (y ◇ ((z ◇ z) ◇ z)) ◇ x],7,1567,4686,3126,0,0
Equation2644[x = ((x ◇ x) ◇ (x ◇ x)) ◇ x],1,1927,4692,2766,0,0
Equation2646[x = ((x ◇ x) ◇ (x ◇ y)) ◇ x],2,1768,4691,2925,0,0
Equation2647[x = ((x ◇ x) ◇ (x ◇ y)) ◇ y],2,1664,4691,3029,0,0
Equation2649[x = ((x ◇ x) ◇ (y ◇ x)) ◇ x],3,1736,4690,2957,0,0
Equation2650[x = ((x ◇ x) ◇ (y ◇ x)) ◇ y],2,1666,4691,3027,0,0
Equation2652[x = ((x ◇ x) ◇ (y ◇ y)) ◇ x],2,1781,4691,2912,0,0
Equation2653[x = ((x ◇ x) ◇ (y ◇ y)) ◇ y],9,1645,4684,3048,0,0
Equation2659[x = ((x ◇ y) ◇ (x ◇ x)) ◇ x],2,1769,4691,2924,0,0
Equation2660[x = ((x ◇ y) ◇ (x ◇ x)) ◇ y],2,1664,4691,3029,0,0
Equation2662[x = ((x ◇ y) ◇ (x ◇ y)) ◇ x],2,1783,4691,2910,0,0
Equation2665[x = ((x ◇ y) ◇ (x ◇ z)) ◇ x],5,1725,4688,2968,0,0
Equation2666[x = ((x ◇ y) ◇ (x ◇ z)) ◇ y],36,1643,4657,3050,0,0
Equation2669[x = ((x ◇ y) ◇ (y ◇ x)) ◇ x],2,1745,4691,2948,0,0
Equation2670[x = ((x ◇ y) ◇ (y ◇ x)) ◇ y],2,1646,4691,3047,0,0
Equation2672[x = ((x ◇ y) ◇ (y ◇ y)) ◇ x],2,1734,4691,2959,0,0
Equation2675[x = ((x ◇ y) ◇ (y ◇ z)) ◇ x],5,1718,4688,2975,0,0
Equation2679[x = ((x ◇ y) ◇ (z ◇ x)) ◇ x],12,1725,4681,2968,0,0
Equation2683[x = ((x ◇ y) ◇ (z ◇ y)) ◇ x],10,1718,4683,2975,0,0
Equation2687[x = ((x ◇ y) ◇ (z ◇ z)) ◇ x],6,1730,4687,2963,0,0
Equation2696[x = ((y ◇ x) ◇ (x ◇ x)) ◇ x],3,1622,4690,3071,0,0
Equation2697[x = ((y ◇ x) ◇ (x ◇ x)) ◇ y],2,1520,4691,3173,0,0
Equation2699[x = ((y ◇ x) ◇ (x ◇ y)) ◇ x],2,1589,4691,3104,0,0
Equation2700[x = ((y ◇ x) ◇ (x ◇ y)) ◇ y],2,1496,4691,3197,0,0
Equation2702[x = ((y ◇ x) ◇ (x ◇ z)) ◇ x],12,1573,4681,3120,0,0
Equation2706[x = ((y ◇ x) ◇ (y ◇ x)) ◇ x],10,1644,4683,3049,0,0
Equation2707[x = ((y ◇ x) ◇ (y ◇ x)) ◇ y],7,1496,4686,3197,0,0
Equation2709[x = ((y ◇ x) ◇ (y ◇ y)) ◇ x],2,1582,4691,3111,0,0
Equation2710[x = ((y ◇ x) ◇ (y ◇ y)) ◇ y],2,1523,4691,3170,0,0
Equation2712[x = ((y ◇ x) ◇ (y ◇ z)) ◇ x],28,1569,4665,3124,0,0
Equation2716[x = ((y ◇ x) ◇ (z ◇ x)) ◇ x],127,1575,4566,3118,0,0
Equation2724[x = ((y ◇ x) ◇ (z ◇ z)) ◇ x],47,1579,4646,3114,0,0
Equation2733[x = ((y ◇ y) ◇ (x ◇ x)) ◇ x],10,1652,4683,3041,0,0
Equation2734[x = ((y ◇ y) ◇ (x ◇ x)) ◇ y],2,1498,4691,3195,0,0
Equation2736[x = ((y ◇ y) ◇ (x ◇ y)) ◇ x],2,1580,4691,3113,0,0
Equation2737[x = ((y ◇ y) ◇ (x ◇ y)) ◇ y],7,1517,4686,3176,0,0
Equation2739[x = ((y ◇ y) ◇ (x ◇ z)) ◇ x],68,1575,4625,3118,0,0
Equation2743[x = ((y ◇ y) ◇ (y ◇ x)) ◇ x],2,1583,4691,3110,0,0
Equation2744[x = ((y ◇ y) ◇ (y ◇ x)) ◇ y],2,1511,4691,3182,0,0
Equation2746[x = ((y ◇ y) ◇ (y ◇ y)) ◇ x],2,1621,4691,3072,0,0
Equation2778[x = ((y ◇ z) ◇ (x ◇ z)) ◇ x],8,1573,4685,3120,0,0
Equation2787[x = ((y ◇ z) ◇ (y ◇ x)) ◇ x],127,1574,4566,3119,0,0
Equation2804[x = ((y ◇ z) ◇ (z ◇ x)) ◇ x],59,1575,4634,3118,0,0
Equation2808[x = ((y ◇ z) ◇ (z ◇ y)) ◇ x],5,1573,4688,3120,0,0
Equation2812[x = ((y ◇ z) ◇ (z ◇ z)) ◇ x],7,1578,4686,3115,0,0
Equation2847[x = ((x ◇ (x ◇ x)) ◇ x) ◇ x],1,1939,4692,2754,0,0
Equation2849[x = ((x ◇ (x ◇ x)) ◇ y) ◇ x],2,1724,4691,2969,0,0
Equation2850[x = ((x ◇ (x ◇ x)) ◇ y) ◇ y],6,1690,4687,3003,0,0
Equation2852[x = ((x ◇ (x ◇ y)) ◇ x) ◇ x],2,1781,4691,2912,0,0
Equation2853[x = ((x ◇ (x ◇ y)) ◇ x) ◇ y],2,1682,4691,3011,0,0
Equation2855[x = ((x ◇ (x ◇ y)) ◇ y) ◇ x],2,1744,4691,2949,0,0
Equation2856[x = ((x ◇ (x ◇ y)) ◇ y) ◇ y],3,1646,4690,3047,0,0
Equation2862[x = ((x ◇ (y ◇ x)) ◇ x) ◇ x],3,1754,4690,2939,0,0
Equation2863[x = ((x ◇ (y ◇ x)) ◇ x) ◇ y],2,1708,4691,2985,0,0
Equation2865[x = ((x ◇ (y ◇ x)) ◇ y) ◇ x],2,1750,4691,2943,0,0
Equation2866[x = ((x ◇ (y ◇ x)) ◇ y) ◇ y],2,1646,4691,3047,0,0
Equation2868[x = ((x ◇ (y ◇ x)) ◇ z) ◇ x],14,1718,4679,2975,0,0
Equation2872[x = ((x ◇ (y ◇ y)) ◇ x) ◇ x],2,1774,4691,2919,0,0
Equation2873[x = ((x ◇ (y ◇ y)) ◇ x) ◇ y],2,1644,4691,3049,0,0
Equation2875[x = ((x ◇ (y ◇ y)) ◇ y) ◇ x],2,1724,4691,2969,0,0
Equation2878[x = ((x ◇ (y ◇ y)) ◇ z) ◇ x],5,1718,4688,2975,0,0
Equation2883[x = ((x ◇ (y ◇ z)) ◇ x) ◇ y],11,1643,4682,3050,0,0
Equation2886[x = ((x ◇ (y ◇ z)) ◇ y) ◇ x],5,1720,4688,2973,0,0
Equation2890[x = ((x ◇ (y ◇ z)) ◇ z) ◇ x],11,1718,4682,2975,0,0
Equation2899[x = ((y ◇ (x ◇ x)) ◇ x) ◇ x],3,1600,4690,3093,0,0
Equation2900[x = ((y ◇ (x ◇ x)) ◇ x) ◇ y],2,1524,4691,3169,0,0
Equation2902[x = ((y ◇ (x ◇ x)) ◇ y) ◇ x],2,1627,4691,3066,0,0
Equation2903[x = ((y ◇ (x ◇ x)) ◇ y) ◇ y],2,1496,4691,3197,0,0
Equation2909[x = ((y ◇ (x ◇ y)) ◇ x) ◇ x],2,1652,4691,3041,0,0
Equation2910[x = ((y ◇ (x ◇ y)) ◇ x) ◇ y],2,1496,4691,3197,0,0
Equation2912[x = ((y ◇ (x ◇ y)) ◇ y) ◇ x],2,1568,4691,3125,0,0
Equation2919[x = ((y ◇ (x ◇ z)) ◇ x) ◇ x],10,1591,4683,3102,0,0
Equation2936[x = ((y ◇ (y ◇ x)) ◇ x) ◇ x],10,1632,4683,3061,0,0
Equation2937[x = ((y ◇ (y ◇ x)) ◇ x) ◇ y],2,1496,4691,3197,0,0
Equation2939[x = ((y ◇ (y ◇ x)) ◇ y) ◇ x],2,1567,4691,3126,0,0
Equation2940[x = ((y ◇ (y ◇ x)) ◇ y) ◇ y],2,1568,4691,3125,0,0
Equation2946[x = ((y ◇ (y ◇ y)) ◇ x) ◇ x],2,1593,4691,3100,0,0
Equation2947[x = ((y ◇ (y ◇ y)) ◇ x) ◇ y],2,1560,4691,3133,0,0
Equation2949[x = ((y ◇ (y ◇ y)) ◇ y) ◇ x],2,1583,4691,3110,0,0
Equation2964[x = ((y ◇ (y ◇ z)) ◇ z) ◇ x],47,1573,4646,3120,0,0
Equation2973[x = ((y ◇ (z ◇ x)) ◇ x) ◇ x],52,1591,4641,3102,0,0
Equation2990[x = ((y ◇ (z ◇ y)) ◇ x) ◇ x],11,1591,4682,3102,0,0
Equation2994[x = ((y ◇ (z ◇ y)) ◇ y) ◇ x],7,1567,4686,3126,0,0
Equation2998[x = ((y ◇ (z ◇ y)) ◇ z) ◇ x],50,1579,4643,3114,0,0
Equation3007[x = ((y ◇ (z ◇ z)) ◇ x) ◇ x],8,1592,4685,3101,0,0
Equation3011[x = ((y ◇ (z ◇ z)) ◇ y) ◇ x],47,1580,4646,3113,0,0
Equation3050[x = (((x ◇ x) ◇ x) ◇ x) ◇ x],1,2076,4692,2617,0,0
Equation3051[x = (((x ◇ x) ◇ x) ◇ x) ◇ y],227,1705,4466,2988,0,0
Equation3052[x = (((x ◇ x) ◇ x) ◇ y) ◇ x],2,1802,4691,2891,0,0
Equation3053[x = (((x ◇ x) ◇ x) ◇ y) ◇ y],10,1778,4683,2915,0,0
Equation3055[x = (((x ◇ x) ◇ y) ◇ x) ◇ x],2,1807,4691,2886,0,0
Equation3056[x = (((x ◇ x) ◇ y) ◇ x) ◇ y],2,1744,4691,2949,0,0
Equation3058[x = (((x ◇ x) ◇ y) ◇ y) ◇ x],2,1890,4691,2803,0,0
Equation3059[x = (((x ◇ x) ◇ y) ◇ y) ◇ y],6,1706,4687,2987,0,0
Equation3061[x = (((x ◇ x) ◇ y) ◇ z) ◇ x],19,1779,4674,2914,0,0
Equation3065[x = (((x ◇ y) ◇ x) ◇ x) ◇ x],2,1832,4691,2861,0,0
Equation3066[x = (((x ◇ y) ◇ x) ◇ x) ◇ y],2,1793,4691,2900,0,0
Equation3068[x = (((x ◇ y) ◇ x) ◇ y) ◇ x],2,1835,4691,2858,0,0
Equation3069[x = (((x ◇ y) ◇ x) ◇ y) ◇ y],2,1706,4691,2987,0,0
Equation3071[x = (((x ◇ y) ◇ x) ◇ z) ◇ x],9,1801,4684,2892,0,0
Equation3075[x = (((x ◇ y) ◇ y) ◇ x) ◇ x],2,1879,4691,2814,0,0
Equation3076[x = (((x ◇ y) ◇ y) ◇ x) ◇ y],2,1706,4691,2987,0,0
Equation3078[x = (((x ◇ y) ◇ y) ◇ y) ◇ x],4,1784,4689,2909,0,0
Equation3079[x = (((x ◇ y) ◇ y) ◇ y) ◇ y],2,1798,4691,2895,0,0
Equation3085[x = (((x ◇ y) ◇ z) ◇ x) ◇ x],5,1804,4688,2889,0,0
Equation3089[x = (((x ◇ y) ◇ z) ◇ y) ◇ x],12,1780,4681,2913,0,0
Equation3091[x = (((x ◇ y) ◇ z) ◇ y) ◇ z],5,1730,4688,2963,0,0
Equation3093[x = (((x ◇ y) ◇ z) ◇ z) ◇ x],12,1781,4681,2912,0,0
Equation3102[x = (((y ◇ x) ◇ x) ◇ x) ◇ x],40,1597,4653,3096,0,0
Equation3103[x = (((y ◇ x) ◇ x) ◇ x) ◇ y],11,1538,4682,3155,0,0
Equation3105[x = (((y ◇ x) ◇ x) ◇ y) ◇ x],3,1599,4690,3094,0,0
Equation3106[x = (((y ◇ x) ◇ x) ◇ y) ◇ y],2,1496,4691,3197,0,0
Equation3108[x = (((y ◇ x) ◇ x) ◇ z) ◇ x],238,1568,4455,3125,0,0
Equation3112[x = (((y ◇ x) ◇ y) ◇ x) ◇ x],2,1644,4691,3049,0,0
Equation3113[x = (((y ◇ x) ◇ y) ◇ x) ◇ y],9,1496,4684,3197,0,0
Equation3115[x = (((y ◇ x) ◇ y) ◇ y) ◇ x],2,1570,4691,3123,0,0
Equation3116[x = (((y ◇ x) ◇ y) ◇ y) ◇ y],2,1546,4691,3147,0,0
Equation3122[x = (((y ◇ x) ◇ z) ◇ x) ◇ x],61,1591,4632,3102,0,0
Equation3139[x = (((y ◇ y) ◇ x) ◇ x) ◇ x],3,1655,4690,3038,0,0
Equation3140[x = (((y ◇ y) ◇ x) ◇ x) ◇ y],2,1496,4691,3197,0,0
Equation3142[x = (((y ◇ y) ◇ x) ◇ y) ◇ x],9,1571,4684,3122,0,0
Equation3143[x = (((y ◇ y) ◇ x) ◇ y) ◇ y],2,1518,4691,3175,0,0
Equation3145[x = (((y ◇ y) ◇ x) ◇ z) ◇ x],144,1568,4549,3125,0,0
Equation3149[x = (((y ◇ y) ◇ y) ◇ x) ◇ x],2,1591,4691,3102,0,0
Equation3150[x = (((y ◇ y) ◇ y) ◇ x) ◇ y],2,1555,4691,3138,0,0
Equation3152[x = (((y ◇ y) ◇ y) ◇ y) ◇ x],2,1621,4691,3072,0,0
Equation3161[x = (((y ◇ y) ◇ z) ◇ x) ◇ z],23,1514,4670,3179,0,0
Equation3180[x = (((y ◇ z) ◇ x) ◇ y) ◇ x],71,1568,4622,3125,0,0
Equation3197[x = (((y ◇ z) ◇ y) ◇ y) ◇ x],5,1569,4688,3124,0,0
Equation3201[x = (((y ◇ z) ◇ y) ◇ z) ◇ x],5,1580,4688,3113,0,0
Equation3214[x = (((y ◇ z) ◇ z) ◇ y) ◇ x],48,1582,4645,3111,0,0
Equation3253[x ◇ x = x ◇ (x ◇ (x ◇ x))],1,3029,4692,1664,0,0
Equation3254[x ◇ x = x ◇ (x ◇ (x ◇ y))],3,2360,4690,2333,0,0
Equation3255[x ◇ x = x ◇ (x ◇ (y ◇ x))],2,2626,4691,2067,0,0
Equation3256[x ◇ x = x ◇ (x ◇ (y ◇ y))],2,2456,4691,2237,0,0
Equation3257[x ◇ x = x ◇ (x ◇ (y ◇ z))],6,2344,4687,2349,0,0
Equation3258[x ◇ x = x ◇ (y ◇ (x ◇ x))],2,2632,4691,2061,0,0
Equation3259[x ◇ x = x ◇ (y ◇ (x ◇ y))],2,2391,4691,2302,0,0
Equation3260[x ◇ x = x ◇ (y ◇ (x ◇ z))],12,2305,4681,2388,0,0
Equation3261[x ◇ x = x ◇ (y ◇ (y ◇ x))],2,2663,4691,2030,0,0
Equation3262[x ◇ x = x ◇ (y ◇ (y ◇ y))],2,2343,4691,2350,0,0
Equation3263[x ◇ x = x ◇ (y ◇ (y ◇ z))],12,2306,4681,2387,0,0
Equation3264[x ◇ x = x ◇ (y ◇ (z ◇ x))],5,2554,4688,2139,0,0
Equation3265[x ◇ x = x ◇ (y ◇ (z ◇ y))],5,2306,4688,2387,0,0
Equation3267[x ◇ x = x ◇ (y ◇ (z ◇ w))],19,2302,4674,2391,0,0
Equation3268[x ◇ x = y ◇ (x ◇ (x ◇ x))],2,2219,4691,2474,0,0
Equation3269[x ◇ x = y ◇ (x ◇ (x ◇ y))],3,1950,4690,2743,0,0
Equation3270[x ◇ x = y ◇ (x ◇ (x ◇ z))],60,1922,4633,2771,0,0
Equation3271[x ◇ x = y ◇ (x ◇ (y ◇ x))],2,2188,4691,2505,0,0
Equation3272[x ◇ x = y ◇ (x ◇ (y ◇ y))],2,1955,4691,2738,0,0
Equation3273[x ◇ x = y ◇ (x ◇ (y ◇ z))],60,1921,4633,2772,0,0
Equation3274[x ◇ x = y ◇ (x ◇ (z ◇ x))],10,2163,4683,2530,0,0
Equation3275[x ◇ x = y ◇ (x ◇ (z ◇ y))],60,1922,4633,2771,0,0
Equation3277[x ◇ x = y ◇ (x ◇ (z ◇ w))],87,1919,4606,2774,0,0
Equation3278[x ◇ x = y ◇ (y ◇ (x ◇ x))],2,2320,4691,2373,0,0
Equation3279[x ◇ x = y ◇ (y ◇ (x ◇ y))],2,1930,4691,2763,0,0
Equation3280[x ◇ x = y ◇ (y ◇ (x ◇ z))],60,1922,4633,2771,0,0
Equation3281[x ◇ x = y ◇ (y ◇ (y ◇ x))],2,2171,4691,2522,0,0
Equation3282[x ◇ x = y ◇ (y ◇ (y ◇ y))],18,1991,4675,2702,0,0
Equation3283[x ◇ x = y ◇ (y ◇ (y ◇ z))],53,1927,4640,2766,0,0
Equation3284[x ◇ x = y ◇ (y ◇ (z ◇ x))],10,2163,4683,2530,0,0
Equation3285[x ◇ x = y ◇ (y ◇ (z ◇ y))],21,1929,4672,2764,0,0
Equation3288[x ◇ x = y ◇ (z ◇ (x ◇ x))],7,2218,4686,2475,0,0
Equation3290[x ◇ x = y ◇ (z ◇ (x ◇ z))],60,1922,4633,2771,0,0
Equation3292[x ◇ x = y ◇ (z ◇ (y ◇ x))],10,2162,4683,2531,0,0
Equation3294[x ◇ x = y ◇ (z ◇ (y ◇ z))],21,1943,4672,2750,0,0
Equation3296[x ◇ x = y ◇ (z ◇ (z ◇ x))],10,2163,4683,2530,0,0
Equation3297[x ◇ x = y ◇ (z ◇ (z ◇ y))],21,1949,4672,2744,0,0
Equation3300[x ◇ x = y ◇ (z ◇ (w ◇ x))],17,2159,4676,2534,0,0
Equation3306[x ◇ y = x ◇ (x ◇ (x ◇ y))],2,2700,4691,1993,0,0
Equation3308[x ◇ y = x ◇ (x ◇ (y ◇ x))],2,2375,4691,2318,0,0
Equation3309[x ◇ y = x ◇ (x ◇ (y ◇ y))],2,2544,4691,2149,0,0
Equation3312[x ◇ y = x ◇ (x ◇ (z ◇ y))],21,2541,4672,2152,0,0
Equation3315[x ◇ y = x ◇ (y ◇ (x ◇ x))],2,2375,4691,2318,0,0
Equation3316[x ◇ y = x ◇ (y ◇ (x ◇ y))],2,2593,4691,2100,0,0
Equation3317[x ◇ y = x ◇ (y ◇ (x ◇ z))],9,2303,4684,2390,0,0
Equation3318[x ◇ y = x ◇ (y ◇ (y ◇ x))],2,2329,4691,2364,0,0
Equation3319[x ◇ y = x ◇ (y ◇ (y ◇ y))],2,2828,4691,1865,0,0
Equation3320[x ◇ y = x ◇ (y ◇ (y ◇ z))],9,2327,4684,2366,0,0
Equation3321[x ◇ y = x ◇ (y ◇ (z ◇ x))],5,2303,4688,2390,0,0
Equation3322[x ◇ y = x ◇ (y ◇ (z ◇ y))],5,2568,4688,2125,0,0
Equation3323[x ◇ y = x ◇ (y ◇ (z ◇ z))],5,2372,4688,2321,0,0
Equation3326[x ◇ y = x ◇ (z ◇ (x ◇ y))],5,2558,4688,2135,0,0
Equation3331[x ◇ y = x ◇ (z ◇ (y ◇ z))],10,2372,4683,2321,0,0
Equation3334[x ◇ y = x ◇ (z ◇ (z ◇ y))],5,2642,4688,2051,0,0
Equation3342[x ◇ y = y ◇ (x ◇ (x ◇ x))],2,1972,4691,2721,0,0
Equation3343[x ◇ y = y ◇ (x ◇ (x ◇ y))],2,2165,4691,2528,0,0
Equation3345[x ◇ y = y ◇ (x ◇ (y ◇ x))],2,1915,4691,2778,0,0
Equation3346[x ◇ y = y ◇ (x ◇ (y ◇ y))],2,2173,4691,2520,0,0
Equation3349[x ◇ y = y ◇ (x ◇ (z ◇ y))],227,2152,4466,2541,0,0
Equation3350[x ◇ y = y ◇ (x ◇ (z ◇ z))],52,1930,4641,2763,0,0
Equation3352[x ◇ y = y ◇ (y ◇ (x ◇ x))],2,1915,4691,2778,0,0
Equation3353[x ◇ y = y ◇ (y ◇ (x ◇ y))],2,2264,4691,2429,0,0
Equation3355[x ◇ y = y ◇ (y ◇ (y ◇ x))],7,1967,4686,2726,0,0
Equation3363[x ◇ y = y ◇ (z ◇ (x ◇ y))],21,2161,4672,2532,0,0
Equation3364[x ◇ y = y ◇ (z ◇ (x ◇ z))],65,1964,4628,2729,0,0
Equation3385[x ◇ y = z ◇ (x ◇ (y ◇ z))],220,1926,4473,2767,0,0
Equation3388[x ◇ y = z ◇ (x ◇ (z ◇ y))],15,2166,4678,2527,0,0
Equation3398[x ◇ y = z ◇ (y ◇ (x ◇ z))],63,1934,4630,2759,0,0
Equation3414[x ◇ y = z ◇ (z ◇ (x ◇ y))],5,2246,4688,2447,0,0
Equation3417[x ◇ y = z ◇ (z ◇ (y ◇ x))],45,1958,4648,2735,0,0
Equation3456[x ◇ x = x ◇ ((x ◇ x) ◇ x)],1,2821,4692,1872,0,0
Equation3457[x ◇ x = x ◇ ((x ◇ x) ◇ y)],2,2391,4691,2302,0,0
Equation3458[x ◇ x = x ◇ ((x ◇ y) ◇ x)],2,2500,4691,2193,0,0
Equation3459[x ◇ x = x ◇ ((x ◇ y) ◇ y)],2,2443,4691,2250,0,0
Equation3460[x ◇ x = x ◇ ((x ◇ y) ◇ z)],5,2340,4688,2353,0,0
Equation3461[x ◇ x = x ◇ ((y ◇ x) ◇ x)],2,2469,4691,2224,0,0
Equation3462[x ◇ x = x ◇ ((y ◇ x) ◇ y)],2,2394,4691,2299,0,0
Equation3463[x ◇ x = x ◇ ((y ◇ x) ◇ z)],5,2308,4688,2385,0,0
Equation3464[x ◇ x = x ◇ ((y ◇ y) ◇ x)],2,2522,4691,2171,0,0
Equation3465[x ◇ x = x ◇ ((y ◇ y) ◇ y)],2,2318,4691,2375,0,0
Equation3466[x ◇ x = x ◇ ((y ◇ y) ◇ z)],5,2315,4688,2378,0,0
Equation3467[x ◇ x = x ◇ ((y ◇ z) ◇ x)],5,2428,4688,2265,0,0
Equation3468[x ◇ x = x ◇ ((y ◇ z) ◇ y)],5,2305,4688,2388,0,0
Equation3469[x ◇ x = x ◇ ((y ◇ z) ◇ z)],5,2305,4688,2388,0,0
Equation3470[x ◇ x = x ◇ ((y ◇ z) ◇ w)],15,2302,4678,2391,0,0
Equation3471[x ◇ x = y ◇ ((x ◇ x) ◇ x)],16,2050,4677,2643,0,0
Equation3472[x ◇ x = y ◇ ((x ◇ x) ◇ y)],2,2020,4691,2673,0,0
Equation3473[x ◇ x = y ◇ ((x ◇ x) ◇ z)],65,1931,4628,2762,0,0
Equation3474[x ◇ x = y ◇ ((x ◇ y) ◇ x)],2,2063,4691,2630,0,0
Equation3475[x ◇ x = y ◇ ((x ◇ y) ◇ y)],2,1929,4691,2764,0,0
Equation3476[x ◇ x = y ◇ ((x ◇ y) ◇ z)],75,1921,4618,2772,0,0
Equation3477[x ◇ x = y ◇ ((x ◇ z) ◇ x)],22,2032,4671,2661,0,0
Equation3478[x ◇ x = y ◇ ((x ◇ z) ◇ y)],38,1923,4655,2770,0,0
Equation3479[x ◇ x = y ◇ ((x ◇ z) ◇ z)],75,1921,4618,2772,0,0
Equation3480[x ◇ x = y ◇ ((x ◇ z) ◇ w)],102,1919,4591,2774,0,0
Equation3481[x ◇ x = y ◇ ((y ◇ x) ◇ x)],2,2066,4691,2627,0,0
Equation3482[x ◇ x = y ◇ ((y ◇ x) ◇ y)],2,1929,4691,2764,0,0
Equation3483[x ◇ x = y ◇ ((y ◇ x) ◇ z)],75,1921,4618,2772,0,0
Equation3484[x ◇ x = y ◇ ((y ◇ y) ◇ x)],2,2046,4691,2647,0,0
Equation3485[x ◇ x = y ◇ ((y ◇ y) ◇ y)],18,1973,4675,2720,0,0
Equation3487[x ◇ x = y ◇ ((y ◇ z) ◇ x)],22,2032,4671,2661,0,0
Equation3488[x ◇ x = y ◇ ((y ◇ z) ◇ y)],21,1928,4672,2765,0,0
Equation3489[x ◇ x = y ◇ ((y ◇ z) ◇ z)],21,1947,4672,2746,0,0
Equation3491[x ◇ x = y ◇ ((z ◇ x) ◇ x)],19,2033,4674,2660,0,0
Equation3493[x ◇ x = y ◇ ((z ◇ x) ◇ z)],75,1921,4618,2772,0,0
Equation3495[x ◇ x = y ◇ ((z ◇ y) ◇ x)],10,2032,4683,2661,0,0
Equation3496[x ◇ x = y ◇ ((z ◇ y) ◇ y)],21,1928,4672,2765,0,0
Equation3497[x ◇ x = y ◇ ((z ◇ y) ◇ z)],21,1942,4672,2751,0,0
Equation3499[x ◇ x = y ◇ ((z ◇ z) ◇ x)],19,2044,4674,2649,0,0
Equation3503[x ◇ x = y ◇ ((z ◇ w) ◇ x)],29,2029,4664,2664,0,0
Equation3509[x ◇ y = x ◇ ((x ◇ x) ◇ y)],2,2488,4691,2205,0,0
Equation3511[x ◇ y = x ◇ ((x ◇ y) ◇ x)],2,2396,4691,2297,0,0
Equation3512[x ◇ y = x ◇ ((x ◇ y) ◇ y)],2,2446,4691,2247,0,0
Equation3513[x ◇ y = x ◇ ((x ◇ y) ◇ z)],5,2303,4688,2390,0,0
Equation3515[x ◇ y = x ◇ ((x ◇ z) ◇ y)],5,2410,4688,2283,0,0
Equation3518[x ◇ y = x ◇ ((y ◇ x) ◇ x)],2,2411,4691,2282,0,0
Equation3519[x ◇ y = x ◇ ((y ◇ x) ◇ y)],2,2462,4691,2231,0,0
Equation3520[x ◇ y = x ◇ ((y ◇ x) ◇ z)],5,2321,4688,2372,0,0
Equation3521[x ◇ y = x ◇ ((y ◇ y) ◇ x)],2,2327,4691,2366,0,0
Equation3522[x ◇ y = x ◇ ((y ◇ y) ◇ y)],2,2701,4691,1992,0,0
Equation3523[x ◇ y = x ◇ ((y ◇ y) ◇ z)],5,2325,4688,2368,0,0
Equation3524[x ◇ y = x ◇ ((y ◇ z) ◇ x)],5,2320,4688,2373,0,0
Equation3525[x ◇ y = x ◇ ((y ◇ z) ◇ y)],5,2456,4688,2237,0,0
Equation3526[x ◇ y = x ◇ ((y ◇ z) ◇ z)],5,2402,4688,2291,0,0
Equation3527[x ◇ y = x ◇ ((y ◇ z) ◇ w)],15,2319,4678,2374,0,0
Equation3529[x ◇ y = x ◇ ((z ◇ x) ◇ y)],5,2411,4688,2282,0,0
Equation3532[x ◇ y = x ◇ ((z ◇ y) ◇ x)],15,2297,4678,2396,0,0
Equation3533[x ◇ y = x ◇ ((z ◇ y) ◇ y)],5,2437,4688,2256,0,0
Equation3534[x ◇ y = x ◇ ((z ◇ y) ◇ z)],5,2377,4688,2316,0,0
Equation3537[x ◇ y = x ◇ ((z ◇ z) ◇ y)],5,2480,4688,2213,0,0
Equation3541[x ◇ y = x ◇ ((z ◇ w) ◇ y)],15,2409,4678,2284,0,0
Equation3545[x ◇ y = y ◇ ((x ◇ x) ◇ x)],2,1972,4691,2721,0,0
Equation3546[x ◇ y = y ◇ ((x ◇ x) ◇ y)],2,2028,4691,2665,0,0
Equation3548[x ◇ y = y ◇ ((x ◇ y) ◇ x)],2,1915,4691,2778,0,0
Equation3549[x ◇ y = y ◇ ((x ◇ y) ◇ y)],2,2095,4691,2598,0,0
Equation3555[x ◇ y = y ◇ ((y ◇ x) ◇ x)],2,1915,4691,2778,0,0
Equation3556[x ◇ y = y ◇ ((y ◇ x) ◇ y)],3,2089,4690,2604,0,0
Equation3558[x ◇ y = y ◇ ((y ◇ y) ◇ x)],2,1941,4691,2752,0,0
Equation3566[x ◇ y = y ◇ ((z ◇ x) ◇ y)],60,2024,4633,2669,0,0
Equation3583[x ◇ y = z ◇ ((x ◇ x) ◇ y)],60,2024,4633,2669,0,0
Equation3587[x ◇ y = z ◇ ((x ◇ y) ◇ y)],60,2023,4633,2670,0,0
Equation3588[x ◇ y = z ◇ ((x ◇ y) ◇ z)],5,1976,4688,2717,0,0
Equation3591[x ◇ y = z ◇ ((x ◇ z) ◇ y)],74,2035,4619,2658,0,0
Equation3600[x ◇ y = z ◇ ((y ◇ x) ◇ y)],60,2024,4633,2669,0,0
Equation3601[x ◇ y = z ◇ ((y ◇ x) ◇ z)],10,1967,4683,2726,0,0
Equation3607[x ◇ y = z ◇ ((y ◇ z) ◇ x)],20,1933,4673,2760,0,0
Equation3617[x ◇ y = z ◇ ((z ◇ x) ◇ y)],15,2045,4678,2648,0,0
Equation3620[x ◇ y = z ◇ ((z ◇ y) ◇ x)],50,1929,4643,2764,0,0
Equation3634[x ◇ y = z ◇ ((w ◇ x) ◇ y)],112,2023,4581,2670,0,0
Equation3659[x ◇ x = (x ◇ x) ◇ (x ◇ x)],1,2575,4692,2118,0,0
Equation3660[x ◇ x = (x ◇ x) ◇ (x ◇ y)],2,2141,4691,2552,0,0
Equation3661[x ◇ x = (x ◇ x) ◇ (y ◇ x)],2,2229,4691,2464,0,0
Equation3662[x ◇ x = (x ◇ x) ◇ (y ◇ y)],2,2262,4691,2431,0,0
Equation3663[x ◇ x = (x ◇ x) ◇ (y ◇ z)],5,2101,4688,2592,0,0
Equation3664[x ◇ x = (x ◇ y) ◇ (x ◇ x)],2,2229,4691,2464,0,0
Equation3665[x ◇ x = (x ◇ y) ◇ (x ◇ y)],2,2223,4691,2470,0,0
Equation3666[x ◇ x = (x ◇ y) ◇ (x ◇ z)],5,2036,4688,2657,0,0
Equation3667[x ◇ x = (x ◇ y) ◇ (y ◇ x)],2,2170,4691,2523,0,0
Equation3668[x ◇ x = (x ◇ y) ◇ (y ◇ y)],2,2089,4691,2604,0,0
Equation3669[x ◇ x = (x ◇ y) ◇ (y ◇ z)],5,2034,4688,2659,0,0
Equation3670[x ◇ x = (x ◇ y) ◇ (z ◇ x)],5,2146,4688,2547,0,0
Equation3671[x ◇ x = (x ◇ y) ◇ (z ◇ y)],6,2034,4687,2659,0,0
Equation3672[x ◇ x = (x ◇ y) ◇ (z ◇ z)],6,2086,4687,2607,0,0
Equation3673[x ◇ x = (x ◇ y) ◇ (z ◇ w)],15,2031,4678,2662,0,0
Equation3674[x ◇ x = (y ◇ x) ◇ (x ◇ x)],2,2141,4691,2552,0,0
Equation3675[x ◇ x = (y ◇ x) ◇ (x ◇ y)],2,1940,4691,2753,0,0
Equation3676[x ◇ x = (y ◇ x) ◇ (x ◇ z)],40,1923,4653,2770,0,0
Equation3677[x ◇ x = (y ◇ x) ◇ (y ◇ x)],2,2223,4691,2470,0,0
Equation3678[x ◇ x = (y ◇ x) ◇ (y ◇ y)],2,1977,4691,2716,0,0
Equation3679[x ◇ x = (y ◇ x) ◇ (y ◇ z)],37,1923,4656,2770,0,0
Equation3680[x ◇ x = (y ◇ x) ◇ (z ◇ x)],5,2036,4688,2657,0,0
Equation3681[x ◇ x = (y ◇ x) ◇ (z ◇ y)],40,1924,4653,2769,0,0
Equation3682[x ◇ x = (y ◇ x) ◇ (z ◇ z)],23,1975,4670,2718,0,0
Equation3683[x ◇ x = (y ◇ x) ◇ (z ◇ w)],57,1921,4636,2772,0,0
Equation3684[x ◇ x = (y ◇ y) ◇ (x ◇ x)],2,2262,4691,2431,0,0
Equation3685[x ◇ x = (y ◇ y) ◇ (x ◇ y)],2,1977,4691,2716,0,0
Equation3686[x ◇ x = (y ◇ y) ◇ (x ◇ z)],23,1975,4670,2718,0,0
Equation3687[x ◇ x = (y ◇ y) ◇ (y ◇ x)],2,2089,4691,2604,0,0
Equation3690[x ◇ x = (y ◇ y) ◇ (z ◇ x)],6,2086,4687,2607,0,0
Equation3694[x ◇ x = (y ◇ z) ◇ (x ◇ x)],5,2101,4688,2592,0,0
Equation3696[x ◇ x = (y ◇ z) ◇ (x ◇ z)],37,1923,4656,2770,0,0
Equation3698[x ◇ x = (y ◇ z) ◇ (y ◇ x)],6,2034,4687,2659,0,0
Equation3702[x ◇ x = (y ◇ z) ◇ (z ◇ x)],5,2034,4688,2659,0,0
Equation3703[x ◇ x = (y ◇ z) ◇ (z ◇ y)],16,1939,4677,2754,0,0
Equation3706[x ◇ x = (y ◇ z) ◇ (w ◇ x)],15,2031,4678,2662,0,0
Equation3712[x ◇ y = (x ◇ x) ◇ (x ◇ y)],2,2217,4691,2476,0,0
Equation3714[x ◇ y = (x ◇ x) ◇ (y ◇ x)],2,2049,4691,2644,0,0
Equation3715[x ◇ y = (x ◇ x) ◇ (y ◇ y)],16,2210,4677,2483,0,0
Equation3716[x ◇ y = (x ◇ x) ◇ (y ◇ z)],60,2025,4633,2668,0,0
Equation3718[x ◇ y = (x ◇ x) ◇ (z ◇ y)],60,2134,4633,2559,0,0
Equation3721[x ◇ y = (x ◇ y) ◇ (x ◇ x)],2,2102,4691,2591,0,0
Equation3722[x ◇ y = (x ◇ y) ◇ (x ◇ y)],2,2220,4691,2473,0,0
Equation3723[x ◇ y = (x ◇ y) ◇ (x ◇ z)],5,2031,4688,2662,0,0
Equation3724[x ◇ y = (x ◇ y) ◇ (y ◇ x)],2,2040,4691,2653,0,0
Equation3725[x ◇ y = (x ◇ y) ◇ (y ◇ y)],2,2217,4691,2476,0,0
Equation3726[x ◇ y = (x ◇ y) ◇ (y ◇ z)],5,2038,4688,2655,0,0
Equation3727[x ◇ y = (x ◇ y) ◇ (z ◇ x)],8,2035,4685,2658,0,0
Equation3728[x ◇ y = (x ◇ y) ◇ (z ◇ y)],5,2138,4688,2555,0,0
Equation3729[x ◇ y = (x ◇ y) ◇ (z ◇ z)],5,2091,4688,2602,0,0
Equation3730[x ◇ y = (x ◇ y) ◇ (z ◇ w)],15,2028,4678,2665,0,0
Equation3732[x ◇ y = (x ◇ z) ◇ (x ◇ y)],5,2138,4688,2555,0,0
Equation3735[x ◇ y = (x ◇ z) ◇ (y ◇ x)],112,2024,4581,2669,0,0
Equation3736[x ◇ y = (x ◇ z) ◇ (y ◇ y)],60,2134,4633,2559,0,0
Equation3737[x ◇ y = (x ◇ z) ◇ (y ◇ z)],15,2046,4678,2647,0,0
Equation3740[x ◇ y = (x ◇ z) ◇ (z ◇ y)],30,2146,4663,2547,0,0
Equation3744[x ◇ y = (x ◇ z) ◇ (w ◇ y)],112,2131,4581,2562,0,0
Equation3748[x ◇ y = (y ◇ x) ◇ (x ◇ x)],2,1939,4691,2754,0,0
Equation3749[x ◇ y = (y ◇ x) ◇ (x ◇ y)],2,2040,4691,2653,0,0
Equation3751[x ◇ y = (y ◇ x) ◇ (y ◇ x)],18,1915,4675,2778,0,0
Equation3752[x ◇ y = (y ◇ x) ◇ (y ◇ y)],2,2049,4691,2644,0,0
Equation3755[x ◇ y = (y ◇ x) ◇ (z ◇ y)],112,2024,4581,2669,0,0
Equation3756[x ◇ y = (y ◇ x) ◇ (z ◇ z)],19,1935,4674,2758,0,0
Equation3759[x ◇ y = (y ◇ y) ◇ (x ◇ y)],2,2102,4691,2591,0,0
Equation3761[x ◇ y = (y ◇ y) ◇ (y ◇ x)],2,1939,4691,2754,0,0
Equation3769[x ◇ y = (y ◇ z) ◇ (x ◇ y)],8,2035,4685,2658,0,0
Equation3770[x ◇ y = (y ◇ z) ◇ (x ◇ z)],63,1934,4630,2759,0,0
Equation3786[x ◇ y = (z ◇ x) ◇ (x ◇ y)],5,2038,4688,2655,0,0
Equation3790[x ◇ y = (z ◇ x) ◇ (y ◇ y)],60,2025,4633,2668,0,0
Equation3794[x ◇ y = (z ◇ x) ◇ (z ◇ y)],15,2046,4678,2647,0,0
Equation3803[x ◇ y = (z ◇ y) ◇ (x ◇ y)],5,2031,4688,2662,0,0
Equation3820[x ◇ y = (z ◇ z) ◇ (x ◇ y)],5,2091,4688,2602,0,0
Equation3823[x ◇ y = (z ◇ z) ◇ (y ◇ x)],19,1935,4674,2758,0,0
Equation3837[x ◇ y = (z ◇ w) ◇ (x ◇ y)],15,2028,4678,2665,0,0
Equation3862[x ◇ x = (x ◇ (x ◇ x)) ◇ x],1,2821,4692,1872,0,0
Equation3863[x ◇ x = (x ◇ (x ◇ x)) ◇ y],16,2050,4677,2643,0,0
Equation3864[x ◇ x = (x ◇ (x ◇ y)) ◇ x],2,2469,4691,2224,0,0
Equation3865[x ◇ x = (x ◇ (x ◇ y)) ◇ y],2,2066,4691,2627,0,0
Equation3866[x ◇ x = (x ◇ (x ◇ y)) ◇ z],19,2033,4674,2660,0,0
Equation3867[x ◇ x = (x ◇ (y ◇ x)) ◇ x],2,2500,4691,2193,0,0
Equation3868[x ◇ x = (x ◇ (y ◇ x)) ◇ y],2,2063,4691,2630,0,0
Equation3869[x ◇ x = (x ◇ (y ◇ x)) ◇ z],22,2032,4671,2661,0,0
Equation3870[x ◇ x = (x ◇ (y ◇ y)) ◇ x],2,2522,4691,2171,0,0
Equation3871[x ◇ x = (x ◇ (y ◇ y)) ◇ y],2,2046,4691,2647,0,0
Equation3872[x ◇ x = (x ◇ (y ◇ y)) ◇ z],19,2044,4674,2649,0,0
Equation3873[x ◇ x = (x ◇ (y ◇ z)) ◇ x],5,2428,4688,2265,0,0
Equation3874[x ◇ x = (x ◇ (y ◇ z)) ◇ y],10,2032,4683,2661,0,0
Equation3875[x ◇ x = (x ◇ (y ◇ z)) ◇ z],22,2032,4671,2661,0,0
Equation3876[x ◇ x = (x ◇ (y ◇ z)) ◇ w],29,2029,4664,2664,0,0
Equation3877[x ◇ x = (y ◇ (x ◇ x)) ◇ x],2,2391,4691,2302,0,0
Equation3878[x ◇ x = (y ◇ (x ◇ x)) ◇ y],2,2020,4691,2673,0,0
Equation3879[x ◇ x = (y ◇ (x ◇ x)) ◇ z],65,1931,4628,2762,0,0
Equation3880[x ◇ x = (y ◇ (x ◇ y)) ◇ x],2,2394,4691,2299,0,0
Equation3881[x ◇ x = (y ◇ (x ◇ y)) ◇ y],2,1929,4691,2764,0,0
Equation3882[x ◇ x = (y ◇ (x ◇ y)) ◇ z],75,1921,4618,2772,0,0
Equation3883[x ◇ x = (y ◇ (x ◇ z)) ◇ x],5,2308,4688,2385,0,0
Equation3884[x ◇ x = (y ◇ (x ◇ z)) ◇ y],38,1923,4655,2770,0,0
Equation3885[x ◇ x = (y ◇ (x ◇ z)) ◇ z],75,1921,4618,2772,0,0
Equation3886[x ◇ x = (y ◇ (x ◇ z)) ◇ w],102,1919,4591,2774,0,0
Equation3887[x ◇ x = (y ◇ (y ◇ x)) ◇ x],2,2443,4691,2250,0,0
Equation3888[x ◇ x = (y ◇ (y ◇ x)) ◇ y],2,1929,4691,2764,0,0
Equation3889[x ◇ x = (y ◇ (y ◇ x)) ◇ z],75,1921,4618,2772,0,0
Equation3890[x ◇ x = (y ◇ (y ◇ y)) ◇ x],2,2318,4691,2375,0,0
Equation3891[x ◇ x = (y ◇ (y ◇ y)) ◇ y],18,1973,4675,2720,0,0
Equation3893[x ◇ x = (y ◇ (y ◇ z)) ◇ x],5,2305,4688,2388,0,0
Equation3894[x ◇ x = (y ◇ (y ◇ z)) ◇ y],21,1928,4672,2765,0,0
Equation3895[x ◇ x = (y ◇ (y ◇ z)) ◇ z],21,1947,4672,2746,0,0
Equation3897[x ◇ x = (y ◇ (z ◇ x)) ◇ x],5,2340,4688,2353,0,0
Equation3899[x ◇ x = (y ◇ (z ◇ x)) ◇ z],75,1921,4618,2772,0,0
Equation3901[x ◇ x = (y ◇ (z ◇ y)) ◇ x],5,2305,4688,2388,0,0
Equation3902[x ◇ x = (y ◇ (z ◇ y)) ◇ y],21,1928,4672,2765,0,0
Equation3903[x ◇ x = (y ◇ (z ◇ y)) ◇ z],21,1942,4672,2751,0,0
Equation3905[x ◇ x = (y ◇ (z ◇ z)) ◇ x],5,2315,4688,2378,0,0
Equation3909[x ◇ x = (y ◇ (z ◇ w)) ◇ x],15,2302,4678,2391,0,0
Equation3915[x ◇ y = (x ◇ (x ◇ x)) ◇ y],2,2701,4691,1992,0,0
Equation3917[x ◇ y = (x ◇ (x ◇ y)) ◇ x],2,2095,4691,2598,0,0
Equation3918[x ◇ y = (x ◇ (x ◇ y)) ◇ y],2,2446,4691,2247,0,0
Equation3919[x ◇ y = (x ◇ (x ◇ y)) ◇ z],60,2023,4633,2670,0,0
Equation3921[x ◇ y = (x ◇ (x ◇ z)) ◇ y],5,2437,4688,2256,0,0
Equation3924[x ◇ y = (x ◇ (y ◇ x)) ◇ x],3,2089,4690,2604,0,0
Equation3925[x ◇ y = (x ◇ (y ◇ x)) ◇ y],2,2462,4691,2231,0,0
Equation3926[x ◇ y = (x ◇ (y ◇ x)) ◇ z],60,2024,4633,2669,0,0
Equation3927[x ◇ y = (x ◇ (y ◇ y)) ◇ x],2,2028,4691,2665,0,0
Equation3928[x ◇ y = (x ◇ (y ◇ y)) ◇ y],2,2488,4691,2205,0,0
Equation3929[x ◇ y = (x ◇ (y ◇ y)) ◇ z],60,2024,4633,2669,0,0
Equation3930[x ◇ y = (x ◇ (y ◇ z)) ◇ x],60,2024,4633,2669,0,0
Equation3931[x ◇ y = (x ◇ (y ◇ z)) ◇ y],5,2411,4688,2282,0,0
Equation3932[x ◇ y = (x ◇ (y ◇ z)) ◇ z],15,2045,4678,2648,0,0
Equation3933[x ◇ y = (x ◇ (y ◇ z)) ◇ w],112,2023,4581,2670,0,0
Equation3935[x ◇ y = (x ◇ (z ◇ x)) ◇ y],5,2456,4688,2237,0,0
Equation3939[x ◇ y = (x ◇ (z ◇ y)) ◇ y],5,2410,4688,2283,0,0
Equation3940[x ◇ y = (x ◇ (z ◇ y)) ◇ z],74,2035,4619,2658,0,0
Equation3943[x ◇ y = (x ◇ (z ◇ z)) ◇ y],5,2480,4688,2213,0,0
Equation3947[x ◇ y = (x ◇ (z ◇ w)) ◇ y],15,2409,4678,2284,0,0
Equation3951[x ◇ y = (y ◇ (x ◇ x)) ◇ x],2,1941,4691,2752,0,0
Equation3952[x ◇ y = (y ◇ (x ◇ x)) ◇ y],2,2327,4691,2366,0,0
Equation3954[x ◇ y = (y ◇ (x ◇ y)) ◇ x],2,1915,4691,2778,0,0
Equation3955[x ◇ y = (y ◇ (x ◇ y)) ◇ y],2,2396,4691,2297,0,0
Equation3958[x ◇ y = (y ◇ (x ◇ z)) ◇ y],15,2297,4678,2396,0,0
Equation3961[x ◇ y = (y ◇ (y ◇ x)) ◇ x],2,1915,4691,2778,0,0
Equation3962[x ◇ y = (y ◇ (y ◇ x)) ◇ y],2,2411,4691,2282,0,0
Equation3964[x ◇ y = (y ◇ (y ◇ y)) ◇ x],2,1972,4691,2721,0,0
Equation3972[x ◇ y = (y ◇ (z ◇ x)) ◇ y],5,2320,4688,2373,0,0
Equation3973[x ◇ y = (y ◇ (z ◇ x)) ◇ z],20,1933,4673,2760,0,0
Equation3989[x ◇ y = (z ◇ (x ◇ x)) ◇ y],5,2325,4688,2368,0,0
Equation3993[x ◇ y = (z ◇ (x ◇ y)) ◇ y],5,2303,4688,2390,0,0
Equation3994[x ◇ y = (z ◇ (x ◇ y)) ◇ z],5,1976,4688,2717,0,0
Equation3997[x ◇ y = (z ◇ (x ◇ z)) ◇ y],5,2377,4688,2316,0,0
Equation4006[x ◇ y = (z ◇ (y ◇ x)) ◇ y],5,2321,4688,2372,0,0
Equation4007[x ◇ y = (z ◇ (y ◇ x)) ◇ z],10,1967,4683,2726,0,0
Equation4023[x ◇ y = (z ◇ (z ◇ x)) ◇ y],5,2402,4688,2291,0,0
Equation4040[x ◇ y = (z ◇ (w ◇ x)) ◇ y],15,2319,4678,2374,0,0
Equation4065[x ◇ x = ((x ◇ x) ◇ x) ◇ x],1,3029,4692,1664,0,0
Equation4066[x ◇ x = ((x ◇ x) ◇ x) ◇ y],2,2219,4691,2474,0,0
Equation4067[x ◇ x = ((x ◇ x) ◇ y) ◇ x],2,2632,4691,2061,0,0
Equation4068[x ◇ x = ((x ◇ x) ◇ y) ◇ y],2,2320,4691,2373,0,0
Equation4069[x ◇ x = ((x ◇ x) ◇ y) ◇ z],7,2218,4686,2475,0,0
Equation4070[x ◇ x = ((x ◇ y) ◇ x) ◇ x],2,2626,4691,2067,0,0
Equation4071[x ◇ x = ((x ◇ y) ◇ x) ◇ y],2,2188,4691,2505,0,0
Equation4072[x ◇ x = ((x ◇ y) ◇ x) ◇ z],10,2163,4683,2530,0,0
Equation4073[x ◇ x = ((x ◇ y) ◇ y) ◇ x],2,2663,4691,2030,0,0
Equation4074[x ◇ x = ((x ◇ y) ◇ y) ◇ y],2,2171,4691,2522,0,0
Equation4075[x ◇ x = ((x ◇ y) ◇ y) ◇ z],10,2163,4683,2530,0,0
Equation4076[x ◇ x = ((x ◇ y) ◇ z) ◇ x],5,2554,4688,2139,0,0
Equation4077[x ◇ x = ((x ◇ y) ◇ z) ◇ y],10,2162,4683,2531,0,0
Equation4078[x ◇ x = ((x ◇ y) ◇ z) ◇ z],10,2163,4683,2530,0,0
Equation4079[x ◇ x = ((x ◇ y) ◇ z) ◇ w],17,2159,4676,2534,0,0
Equation4080[x ◇ x = ((y ◇ x) ◇ x) ◇ x],3,2360,4690,2333,0,0
Equation4081[x ◇ x = ((y ◇ x) ◇ x) ◇ y],3,1950,4690,2743,0,0
Equation4082[x ◇ x = ((y ◇ x) ◇ x) ◇ z],60,1922,4633,2771,0,0
Equation4083[x ◇ x = ((y ◇ x) ◇ y) ◇ x],2,2391,4691,2302,0,0
Equation4084[x ◇ x = ((y ◇ x) ◇ y) ◇ y],2,1930,4691,2763,0,0
Equation4085[x ◇ x = ((y ◇ x) ◇ y) ◇ z],60,1922,4633,2771,0,0
Equation4086[x ◇ x = ((y ◇ x) ◇ z) ◇ x],12,2305,4681,2388,0,0
Equation4087[x ◇ x = ((y ◇ x) ◇ z) ◇ y],60,1922,4633,2771,0,0
Equation4088[x ◇ x = ((y ◇ x) ◇ z) ◇ z],60,1922,4633,2771,0,0
Equation4089[x ◇ x = ((y ◇ x) ◇ z) ◇ w],87,1919,4606,2774,0,0
Equation4090[x ◇ x = ((y ◇ y) ◇ x) ◇ x],2,2456,4691,2237,0,0
Equation4091[x ◇ x = ((y ◇ y) ◇ x) ◇ y],2,1955,4691,2738,0,0
Equation4093[x ◇ x = ((y ◇ y) ◇ y) ◇ x],2,2343,4691,2350,0,0
Equation4094[x ◇ x = ((y ◇ y) ◇ y) ◇ y],18,1991,4675,2702,0,0
Equation4100[x ◇ x = ((y ◇ z) ◇ x) ◇ x],6,2344,4687,2349,0,0
Equation4102[x ◇ x = ((y ◇ z) ◇ x) ◇ z],60,1921,4633,2772,0,0
Equation4104[x ◇ x = ((y ◇ z) ◇ y) ◇ x],5,2306,4688,2387,0,0
Equation4105[x ◇ x = ((y ◇ z) ◇ y) ◇ y],21,1929,4672,2764,0,0
Equation4106[x ◇ x = ((y ◇ z) ◇ y) ◇ z],21,1943,4672,2750,0,0
Equation4108[x ◇ x = ((y ◇ z) ◇ z) ◇ x],12,2306,4681,2387,0,0
Equation4109[x ◇ x = ((y ◇ z) ◇ z) ◇ y],21,1949,4672,2744,0,0
Equation4110[x ◇ x = ((y ◇ z) ◇ z) ◇ z],53,1927,4640,2766,0,0
Equation4112[x ◇ x = ((y ◇ z) ◇ w) ◇ x],19,2302,4674,2391,0,0
Equation4117[x ◇ y = ((x ◇ x) ◇ x) ◇ x],227,2152,4466,2541,0,0
Equation4118[x ◇ y = ((x ◇ x) ◇ x) ◇ y],2,2828,4691,1865,0,0
Equation4120[x ◇ y = ((x ◇ x) ◇ y) ◇ x],2,2173,4691,2520,0,0
Equation4121[x ◇ y = ((x ◇ x) ◇ y) ◇ y],2,2544,4691,2149,0,0
Equation4124[x ◇ y = ((x ◇ x) ◇ z) ◇ y],21,2541,4672,2152,0,0
Equation4127[x ◇ y = ((x ◇ y) ◇ x) ◇ x],2,2264,4691,2429,0,0
Equation4128[x ◇ y = ((x ◇ y) ◇ x) ◇ y],2,2593,4691,2100,0,0
Equation4129[x ◇ y = ((x ◇ y) ◇ x) ◇ z],21,2161,4672,2532,0,0
Equation4130[x ◇ y = ((x ◇ y) ◇ y) ◇ x],2,2165,4691,2528,0,0
Equation4131[x ◇ y = ((x ◇ y) ◇ y) ◇ y],2,2700,4691,1993,0,0
Equation4134[x ◇ y = ((x ◇ y) ◇ z) ◇ y],5,2558,4688,2135,0,0
Equation4135[x ◇ y = ((x ◇ y) ◇ z) ◇ z],5,2246,4688,2447,0,0
Equation4138[x ◇ y = ((x ◇ z) ◇ x) ◇ y],5,2568,4688,2125,0,0
Equation4143[x ◇ y = ((x ◇ z) ◇ y) ◇ z],15,2166,4678,2527,0,0
Equation4146[x ◇ y = ((x ◇ z) ◇ z) ◇ y],5,2642,4688,2051,0,0
Equation4154[x ◇ y = ((y ◇ x) ◇ x) ◇ x],7,1967,4686,2726,0,0
Equation4155[x ◇ y = ((y ◇ x) ◇ x) ◇ y],2,2329,4691,2364,0,0
Equation4157[x ◇ y = ((y ◇ x) ◇ y) ◇ x],2,1915,4691,2778,0,0
Equation4158[x ◇ y = ((y ◇ x) ◇ y) ◇ y],2,2375,4691,2318,0,0
Equation4164[x ◇ y = ((y ◇ y) ◇ x) ◇ x],2,1915,4691,2778,0,0
Equation4165[x ◇ y = ((y ◇ y) ◇ x) ◇ y],2,2375,4691,2318,0,0
Equation4167[x ◇ y = ((y ◇ y) ◇ y) ◇ x],2,1972,4691,2721,0,0
Equation4175[x ◇ y = ((y ◇ z) ◇ x) ◇ y],5,2303,4688,2390,0,0
Equation4192[x ◇ y = ((z ◇ x) ◇ x) ◇ y],9,2327,4684,2366,0,0
Equation4200[x ◇ y = ((z ◇ x) ◇ z) ◇ y],10,2372,4683,2321,0,0
Equation4209[x ◇ y = ((z ◇ y) ◇ x) ◇ y],9,2303,4684,2390,0,0
Equation4226[x ◇ y = ((z ◇ z) ◇ x) ◇ y],5,2372,4688,2321,0,0
Equation4268[x ◇ (x ◇ x) = x ◇ (x ◇ y)],2,2489,4691,2204,0,0
Equation4269[x ◇ (x ◇ x) = x ◇ (y ◇ x)],2,2867,4691,1826,0,0
Equation4270[x ◇ (x ◇ x) = x ◇ (y ◇ y)],2,2660,4691,2033,0,0
Equation4271[x ◇ (x ◇ x) = x ◇ (y ◇ z)],27,2388,4666,2305,0,0
Equation4272[x ◇ (x ◇ x) = y ◇ (x ◇ x)],2,2477,4691,2216,0,0
Equation4273[x ◇ (x ◇ x) = y ◇ (x ◇ y)],2,2094,4691,2599,0,0
Equation4274[x ◇ (x ◇ x) = y ◇ (x ◇ z)],112,1980,4581,2713,0,0
Equation4275[x ◇ (x ◇ x) = y ◇ (y ◇ x)],2,2505,4691,2188,0,0
Equation4276[x ◇ (x ◇ x) = y ◇ (y ◇ y)],1,2078,4692,2615,0,0
Equation4277[x ◇ (x ◇ x) = y ◇ (y ◇ z)],9,1999,4684,2694,0,0
Equation4278[x ◇ (x ◇ x) = y ◇ (z ◇ x)],27,2376,4666,2317,0,0
Equation4279[x ◇ (x ◇ x) = y ◇ (z ◇ y)],9,2003,4684,2690,0,0
Equation4280[x ◇ (x ◇ x) = y ◇ (z ◇ z)],9,2037,4684,2656,0,0
Equation4283[x ◇ (x ◇ y) = x ◇ (y ◇ x)],1,2480,4692,2213,0,0
Equation4284[x ◇ (x ◇ y) = x ◇ (y ◇ y)],1,2814,4692,1879,0,0
Equation4286[x ◇ (x ◇ y) = x ◇ (z ◇ x)],6,2394,4687,2299,0,0
Equation4287[x ◇ (x ◇ y) = x ◇ (z ◇ y)],6,2805,4687,1888,0,0
Equation4288[x ◇ (x ◇ y) = x ◇ (z ◇ z)],6,2393,4687,2300,0,0
Equation4290[x ◇ (x ◇ y) = y ◇ (x ◇ x)],1,2023,4692,2670,0,0
Equation4291[x ◇ (x ◇ y) = y ◇ (x ◇ y)],1,2401,4692,2292,0,0
Equation4293[x ◇ (x ◇ y) = y ◇ (y ◇ x)],1,2006,4692,2687,0,0
Equation4295[x ◇ (x ◇ y) = y ◇ (z ◇ x)],13,1983,4680,2710,0,0
Equation4296[x ◇ (x ◇ y) = y ◇ (z ◇ y)],6,2379,4687,2314,0,0
Equation4297[x ◇ (x ◇ y) = y ◇ (z ◇ z)],6,2007,4687,2686,0,0
Equation4299[x ◇ (x ◇ y) = z ◇ (x ◇ x)],24,1983,4669,2710,0,0
Equation4300[x ◇ (x ◇ y) = z ◇ (x ◇ y)],6,2395,4687,2298,0,0
Equation4301[x ◇ (x ◇ y) = z ◇ (x ◇ z)],24,1982,4669,2711,0,0
Equation4303[x ◇ (x ◇ y) = z ◇ (y ◇ x)],13,1983,4680,2710,0,0
Equation4304[x ◇ (x ◇ y) = z ◇ (y ◇ y)],6,2380,4687,2313,0,0
Equation4305[x ◇ (x ◇ y) = z ◇ (y ◇ z)],6,2025,4687,2668,0,0
Equation4314[x ◇ (y ◇ x) = x ◇ (y ◇ y)],1,2434,4692,2259,0,0
Equation4315[x ◇ (y ◇ x) = x ◇ (y ◇ z)],6,2426,4687,2267,0,0
Equation4318[x ◇ (y ◇ x) = x ◇ (z ◇ z)],6,2395,4687,2298,0,0
Equation4320[x ◇ (y ◇ x) = y ◇ (x ◇ x)],1,2423,4692,2270,0,0
Equation4321[x ◇ (y ◇ x) = y ◇ (x ◇ y)],1,2007,4692,2686,0,0
Equation4325[x ◇ (y ◇ x) = y ◇ (z ◇ z)],6,2013,4687,2680,0,0
Equation4327[x ◇ (y ◇ x) = z ◇ (x ◇ x)],6,2380,4687,2313,0,0
Equation4331[x ◇ (y ◇ x) = z ◇ (y ◇ y)],24,1983,4669,2710,0,0
Equation4343[x ◇ (y ◇ y) = y ◇ (x ◇ x)],1,2044,4692,2649,0,0
Equation4358[x ◇ (y ◇ z) = x ◇ (z ◇ y)],2,2471,4691,2222,0,0
Equation4362[x ◇ (y ◇ z) = y ◇ (x ◇ z)],2,2402,4691,2291,0,0
Equation4364[x ◇ (y ◇ z) = y ◇ (z ◇ x)],4,1993,4689,2700,0,0
Equation4369[x ◇ (y ◇ z) = z ◇ (y ◇ x)],2,2014,4691,2679,0,0
Equation4380[x ◇ (x ◇ x) = (x ◇ x) ◇ x],1,2531,4692,2162,0,0
Equation4381[x ◇ (x ◇ x) = (x ◇ x) ◇ y],4,2086,4689,2607,0,0
Equation4382[x ◇ (x ◇ x) = (x ◇ y) ◇ x],4,2222,4689,2471,0,0
Equation4383[x ◇ (x ◇ x) = (x ◇ y) ◇ y],4,2122,4689,2571,0,0
Equation4384[x ◇ (x ◇ x) = (x ◇ y) ◇ z],32,2061,4661,2632,0,0
Equation4385[x ◇ (x ◇ x) = (y ◇ x) ◇ x],4,2128,4689,2565,0,0
Equation4386[x ◇ (x ◇ x) = (y ◇ x) ◇ y],4,2025,4689,2668,0,0
Equation4387[x ◇ (x ◇ x) = (y ◇ x) ◇ z],128,1947,4565,2746,0,0
Equation4388[x ◇ (x ◇ x) = (y ◇ y) ◇ x],4,2123,4689,2570,0,0
Equation4389[x ◇ (x ◇ x) = (y ◇ y) ◇ y],4,1991,4689,2702,0,0
Equation4390[x ◇ (x ◇ x) = (y ◇ y) ◇ z],15,1959,4678,2734,0,0
Equation4391[x ◇ (x ◇ x) = (y ◇ z) ◇ x],32,2073,4661,2620,0,0
Equation4392[x ◇ (x ◇ x) = (y ◇ z) ◇ y],15,1962,4678,2731,0,0
Equation4393[x ◇ (x ◇ x) = (y ◇ z) ◇ z],15,1958,4678,2735,0,0
Equation4395[x ◇ (x ◇ y) = (x ◇ x) ◇ x],4,2128,4689,2565,0,0
Equation4396[x ◇ (x ◇ y) = (x ◇ x) ◇ y],2,2201,4691,2492,0,0
Equation4397[x ◇ (x ◇ y) = (x ◇ x) ◇ z],9,2055,4684,2638,0,0
Equation4398[x ◇ (x ◇ y) = (x ◇ y) ◇ x],2,2147,4691,2546,0,0
Equation4399[x ◇ (x ◇ y) = (x ◇ y) ◇ y],2,2174,4691,2519,0,0
Equation4400[x ◇ (x ◇ y) = (x ◇ y) ◇ z],11,2046,4682,2647,0,0
Equation4401[x ◇ (x ◇ y) = (x ◇ z) ◇ x],9,2067,4684,2626,0,0
Equation4402[x ◇ (x ◇ y) = (x ◇ z) ◇ y],11,2158,4682,2535,0,0
Equation4403[x ◇ (x ◇ y) = (x ◇ z) ◇ z],9,2052,4684,2641,0,0
Equation4404[x ◇ (x ◇ y) = (x ◇ z) ◇ w],44,2044,4649,2649,0,0
Equation4405[x ◇ (x ◇ y) = (y ◇ x) ◇ x],2,2028,4691,2665,0,0
Equation4406[x ◇ (x ◇ y) = (y ◇ x) ◇ y],2,2065,4691,2628,0,0
Equation4407[x ◇ (x ◇ y) = (y ◇ x) ◇ z],173,1933,4520,2760,0,0
Equation4408[x ◇ (x ◇ y) = (y ◇ y) ◇ x],2,1953,4691,2740,0,0
Equation4409[x ◇ (x ◇ y) = (y ◇ y) ◇ y],4,2122,4689,2571,0,0
Equation4410[x ◇ (x ◇ y) = (y ◇ y) ◇ z],33,1940,4660,2753,0,0
Equation4411[x ◇ (x ◇ y) = (y ◇ z) ◇ x],44,1941,4649,2752,0,0
Equation4412[x ◇ (x ◇ y) = (y ◇ z) ◇ y],9,2055,4684,2638,0,0
Equation4413[x ◇ (x ◇ y) = (y ◇ z) ◇ z],9,1982,4684,2711,0,0
Equation4415[x ◇ (x ◇ y) = (z ◇ x) ◇ x],9,1951,4684,2742,0,0
Equation4416[x ◇ (x ◇ y) = (z ◇ x) ◇ y],11,2050,4682,2643,0,0
Equation4417[x ◇ (x ◇ y) = (z ◇ x) ◇ z],33,1942,4660,2751,0,0
Equation4420[x ◇ (x ◇ y) = (z ◇ y) ◇ y],9,2052,4684,2641,0,0
Equation4421[x ◇ (x ◇ y) = (z ◇ y) ◇ z],9,1985,4684,2708,0,0
Equation4423[x ◇ (x ◇ y) = (z ◇ z) ◇ x],9,1952,4684,2741,0,0
Equation4424[x ◇ (x ◇ y) = (z ◇ z) ◇ y],9,2066,4684,2627,0,0
Equation4425[x ◇ (x ◇ y) = (z ◇ z) ◇ z],15,1958,4678,2735,0,0
Equation4428[x ◇ (x ◇ y) = (z ◇ w) ◇ y],44,2044,4649,2649,0,0
Equation4430[x ◇ (x ◇ y) = (z ◇ w) ◇ w],33,1939,4660,2754,0,0
Equation4432[x ◇ (y ◇ x) = (x ◇ x) ◇ x],4,2222,4689,2471,0,0
Equation4433[x ◇ (y ◇ x) = (x ◇ x) ◇ y],2,2084,4691,2609,0,0
Equation4434[x ◇ (y ◇ x) = (x ◇ x) ◇ z],9,2055,4684,2638,0,0
Equation4435[x ◇ (y ◇ x) = (x ◇ y) ◇ x],2,2298,4691,2395,0,0
Equation4436[x ◇ (y ◇ x) = (x ◇ y) ◇ y],2,2065,4691,2628,0,0
Equation4437[x ◇ (y ◇ x) = (x ◇ y) ◇ z],11,2050,4682,2643,0,0
Equation4438[x ◇ (y ◇ x) = (x ◇ z) ◇ x],9,2179,4684,2514,0,0
Equation4439[x ◇ (y ◇ x) = (x ◇ z) ◇ y],11,2050,4682,2643,0,0
Equation4440[x ◇ (y ◇ x) = (x ◇ z) ◇ z],9,2055,4684,2638,0,0
Equation4441[x ◇ (y ◇ x) = (x ◇ z) ◇ w],44,2046,4649,2647,0,0
Equation4442[x ◇ (y ◇ x) = (y ◇ x) ◇ x],2,2147,4691,2546,0,0
Equation4443[x ◇ (y ◇ x) = (y ◇ x) ◇ y],2,1946,4691,2747,0,0
Equation4444[x ◇ (y ◇ x) = (y ◇ x) ◇ z],173,1935,4520,2758,0,0
Equation4445[x ◇ (y ◇ x) = (y ◇ y) ◇ x],2,2073,4691,2620,0,0
Equation4446[x ◇ (y ◇ x) = (y ◇ y) ◇ y],4,2025,4689,2668,0,0
Equation4447[x ◇ (y ◇ x) = (y ◇ y) ◇ z],33,1942,4660,2751,0,0
Equation4448[x ◇ (y ◇ x) = (y ◇ z) ◇ x],44,2052,4649,2641,0,0
Equation4449[x ◇ (y ◇ x) = (y ◇ z) ◇ y],33,1945,4660,2748,0,0
Equation4450[x ◇ (y ◇ x) = (y ◇ z) ◇ z],9,1985,4684,2708,0,0
Equation4452[x ◇ (y ◇ x) = (z ◇ x) ◇ x],9,2067,4684,2626,0,0
Equation4456[x ◇ (y ◇ x) = (z ◇ y) ◇ x],11,2056,4682,2637,0,0
Equation4457[x ◇ (y ◇ x) = (z ◇ y) ◇ y],33,1942,4660,2751,0,0
Equation4458[x ◇ (y ◇ x) = (z ◇ y) ◇ z],9,2005,4684,2688,0,0
Equation4460[x ◇ (y ◇ x) = (z ◇ z) ◇ x],9,2064,4684,2629,0,0
Equation4461[x ◇ (y ◇ x) = (z ◇ z) ◇ y],9,1961,4684,2732,0,0
Equation4462[x ◇ (y ◇ x) = (z ◇ z) ◇ z],15,1962,4678,2731,0,0
Equation4469[x ◇ (y ◇ y) = (x ◇ x) ◇ x],4,2123,4689,2570,0,0
Equation4470[x ◇ (y ◇ y) = (x ◇ x) ◇ y],2,2254,4691,2439,0,0
Equation4471[x ◇ (y ◇ y) = (x ◇ x) ◇ z],9,2053,4684,2640,0,0
Equation4472[x ◇ (y ◇ y) = (x ◇ y) ◇ x],2,2073,4691,2620,0,0
Equation4473[x ◇ (y ◇ y) = (x ◇ y) ◇ y],2,2201,4691,2492,0,0
Equation4474[x ◇ (y ◇ y) = (x ◇ y) ◇ z],11,2048,4682,2645,0,0
Equation4475[x ◇ (y ◇ y) = (x ◇ z) ◇ x],9,2064,4684,2629,0,0
Equation4476[x ◇ (y ◇ y) = (x ◇ z) ◇ y],11,2162,4682,2531,0,0
Equation4477[x ◇ (y ◇ y) = (x ◇ z) ◇ z],9,2066,4684,2627,0,0
Equation4478[x ◇ (y ◇ y) = (x ◇ z) ◇ w],44,2044,4649,2649,0,0
Equation4479[x ◇ (y ◇ y) = (y ◇ x) ◇ x],2,1953,4691,2740,0,0
Equation4480[x ◇ (y ◇ y) = (y ◇ x) ◇ y],2,2084,4691,2609,0,0
Equation4481[x ◇ (y ◇ y) = (y ◇ x) ◇ z],173,1933,4520,2760,0,0
Equation4482[x ◇ (y ◇ y) = (y ◇ y) ◇ x],2,2038,4691,2655,0,0
Equation4483[x ◇ (y ◇ y) = (y ◇ y) ◇ y],4,2086,4689,2607,0,0
Equation4484[x ◇ (y ◇ y) = (y ◇ y) ◇ z],33,1940,4660,2753,0,0
Equation4485[x ◇ (y ◇ y) = (y ◇ z) ◇ x],44,1941,4649,2752,0,0
Equation4486[x ◇ (y ◇ y) = (y ◇ z) ◇ y],9,2055,4684,2638,0,0
Equation4487[x ◇ (y ◇ y) = (y ◇ z) ◇ z],33,1940,4660,2753,0,0
Equation4489[x ◇ (y ◇ y) = (z ◇ x) ◇ x],9,1952,4684,2741,0,0
Equation4490[x ◇ (y ◇ y) = (z ◇ x) ◇ y],11,2049,4682,2644,0,0
Equation4491[x ◇ (y ◇ y) = (z ◇ x) ◇ z],9,1961,4684,2732,0,0
Equation4494[x ◇ (y ◇ y) = (z ◇ y) ◇ y],9,2055,4684,2638,0,0
Equation4495[x ◇ (y ◇ y) = (z ◇ y) ◇ z],33,1942,4660,2751,0,0
Equation4497[x ◇ (y ◇ y) = (z ◇ z) ◇ x],9,1978,4684,2715,0,0
Equation4498[x ◇ (y ◇ y) = (z ◇ z) ◇ y],9,2053,4684,2640,0,0
Equation4499[x ◇ (y ◇ y) = (z ◇ z) ◇ z],15,1959,4678,2734,0,0
Equation4502[x ◇ (y ◇ y) = (z ◇ w) ◇ y],44,2044,4649,2649,0,0
Equation4506[x ◇ (y ◇ z) = (x ◇ x) ◇ x],32,2073,4661,2620,0,0
Equation4507[x ◇ (y ◇ z) = (x ◇ x) ◇ y],11,2049,4682,2644,0,0
Equation4508[x ◇ (y ◇ z) = (x ◇ x) ◇ z],11,2162,4682,2531,0,0
Equation4509[x ◇ (y ◇ z) = (x ◇ x) ◇ w],44,2044,4649,2649,0,0
Equation4510[x ◇ (y ◇ z) = (x ◇ y) ◇ x],11,2056,4682,2637,0,0
Equation4511[x ◇ (y ◇ z) = (x ◇ y) ◇ y],11,2050,4682,2643,0,0
Equation4512[x ◇ (y ◇ z) = (x ◇ y) ◇ z],5,2170,4688,2523,0,0
Equation4513[x ◇ (y ◇ z) = (x ◇ y) ◇ w],27,2040,4666,2653,0,0
Equation4514[x ◇ (y ◇ z) = (x ◇ z) ◇ x],44,2052,4649,2641,0,0
Equation4515[x ◇ (y ◇ z) = (x ◇ z) ◇ y],5,2055,4688,2638,0,0
Equation4516[x ◇ (y ◇ z) = (x ◇ z) ◇ z],11,2158,4682,2535,0,0
Equation4517[x ◇ (y ◇ z) = (x ◇ z) ◇ w],106,2038,4587,2655,0,0
Equation4519[x ◇ (y ◇ z) = (x ◇ w) ◇ y],27,2041,4666,2652,0,0
Equation4520[x ◇ (y ◇ z) = (x ◇ w) ◇ z],27,2150,4666,2543,0,0
Equation4521[x ◇ (y ◇ z) = (x ◇ w) ◇ w],44,2044,4649,2649,0,0
Equation4523[x ◇ (y ◇ z) = (y ◇ x) ◇ x],44,1941,4649,2752,0,0
Equation4524[x ◇ (y ◇ z) = (y ◇ x) ◇ y],173,1935,4520,2758,0,0
Equation4525[x ◇ (y ◇ z) = (y ◇ x) ◇ z],5,2055,4688,2638,0,0
Equation4526[x ◇ (y ◇ z) = (y ◇ x) ◇ w],427,1928,4266,2765,0,0
Equation4527[x ◇ (y ◇ z) = (y ◇ y) ◇ x],44,1941,4649,2752,0,0
Equation4528[x ◇ (y ◇ z) = (y ◇ y) ◇ y],128,1947,4565,2746,0,0
Equation4529[x ◇ (y ◇ z) = (y ◇ y) ◇ z],11,2048,4682,2645,0,0
Equation4530[x ◇ (y ◇ z) = (y ◇ y) ◇ w],173,1933,4520,2760,0,0
Equation4531[x ◇ (y ◇ z) = (y ◇ z) ◇ x],5,2007,4688,2686,0,0
Equation4533[x ◇ (y ◇ z) = (y ◇ z) ◇ z],11,2046,4682,2647,0,0
Equation4535[x ◇ (y ◇ z) = (y ◇ w) ◇ x],106,1933,4587,2760,0,0
Equation4537[x ◇ (y ◇ z) = (y ◇ w) ◇ z],106,2038,4587,2655,0,0
Equation4538[x ◇ (y ◇ z) = (y ◇ w) ◇ w],173,1933,4520,2760,0,0
Equation4541[x ◇ (y ◇ z) = (z ◇ x) ◇ y],5,1941,4688,2752,0,0
Equation4542[x ◇ (y ◇ z) = (z ◇ x) ◇ z],11,2050,4682,2643,0,0
Equation4544[x ◇ (y ◇ z) = (z ◇ y) ◇ x],5,2007,4688,2686,0,0
Equation4546[x ◇ (y ◇ z) = (z ◇ y) ◇ z],11,2050,4682,2643,0,0
Equation4550[x ◇ (y ◇ z) = (z ◇ z) ◇ z],32,2061,4661,2632,0,0
Equation4554[x ◇ (y ◇ z) = (z ◇ w) ◇ z],44,2046,4649,2647,0,0
Equation4559[x ◇ (y ◇ z) = (w ◇ x) ◇ z],27,2041,4666,2652,0,0
Equation4564[x ◇ (y ◇ z) = (w ◇ y) ◇ z],27,2040,4666,2653,0,0
Equation4569[x ◇ (y ◇ z) = (w ◇ z) ◇ z],44,2044,4649,2649,0,0
Equation4574[x ◇ (y ◇ z) = (w ◇ w) ◇ z],44,2044,4649,2649,0,0
Equation4583[(x ◇ x) ◇ x = (x ◇ x) ◇ y],2,2477,4691,2216,0,0
Equation4584[(x ◇ x) ◇ x = (x ◇ y) ◇ x],2,2867,4691,1826,0,0
Equation4585[(x ◇ x) ◇ x = (x ◇ y) ◇ y],2,2505,4691,2188,0,0
Equation4586[(x ◇ x) ◇ x = (x ◇ y) ◇ z],27,2376,4666,2317,0,0
Equation4587[(x ◇ x) ◇ x = (y ◇ x) ◇ x],2,2489,4691,2204,0,0
Equation4588[(x ◇ x) ◇ x = (y ◇ x) ◇ y],2,2094,4691,2599,0,0
Equation4589[(x ◇ x) ◇ x = (y ◇ x) ◇ z],112,1980,4581,2713,0,0
Equation4590[(x ◇ x) ◇ x = (y ◇ y) ◇ x],2,2660,4691,2033,0,0
Equation4591[(x ◇ x) ◇ x = (y ◇ y) ◇ y],1,2078,4692,2615,0,0
Equation4592[(x ◇ x) ◇ x = (y ◇ y) ◇ z],9,2037,4684,2656,0,0
Equation4593[(x ◇ x) ◇ x = (y ◇ z) ◇ x],27,2388,4666,2305,0,0
Equation4594[(x ◇ x) ◇ x = (y ◇ z) ◇ y],9,2003,4684,2690,0,0
Equation4595[(x ◇ x) ◇ x = (y ◇ z) ◇ z],9,1999,4684,2694,0,0
Equation4598[(x ◇ x) ◇ y = (x ◇ y) ◇ x],1,2423,4692,2270,0,0
Equation4599[(x ◇ x) ◇ y = (x ◇ y) ◇ y],1,2814,4692,1879,0,0
Equation4601[(x ◇ x) ◇ y = (x ◇ z) ◇ x],6,2380,4687,2313,0,0
Equation4602[(x ◇ x) ◇ y = (x ◇ z) ◇ y],6,2805,4687,1888,0,0
Equation4603[(x ◇ x) ◇ y = (x ◇ z) ◇ z],6,2380,4687,2313,0,0
Equation4605[(x ◇ x) ◇ y = (y ◇ x) ◇ x],1,2023,4692,2670,0,0
Equation4606[(x ◇ x) ◇ y = (y ◇ x) ◇ y],1,2434,4692,2259,0,0
Equation4608[(x ◇ x) ◇ y = (y ◇ y) ◇ x],1,2044,4692,2649,0,0
Equation4610[(x ◇ x) ◇ y = (y ◇ z) ◇ x],13,1983,4680,2710,0,0
Equation4611[(x ◇ x) ◇ y = (y ◇ z) ◇ y],6,2395,4687,2298,0,0
Equation4612[(x ◇ x) ◇ y = (y ◇ z) ◇ z],6,2007,4687,2686,0,0
Equation4614[(x ◇ x) ◇ y = (z ◇ x) ◇ x],24,1983,4669,2710,0,0
Equation4615[(x ◇ x) ◇ y = (z ◇ x) ◇ y],6,2426,4687,2267,0,0
Equation4616[(x ◇ x) ◇ y = (z ◇ x) ◇ z],24,1983,4669,2710,0,0
Equation4619[(x ◇ x) ◇ y = (z ◇ y) ◇ y],6,2393,4687,2300,0,0
Equation4620[(x ◇ x) ◇ y = (z ◇ y) ◇ z],6,2013,4687,2680,0,0
Equation4629[(x ◇ y) ◇ x = (x ◇ y) ◇ y],1,2401,4692,2292,0,0
Equation4630[(x ◇ y) ◇ x = (x ◇ y) ◇ z],6,2395,4687,2298,0,0
Equation4633[(x ◇ y) ◇ x = (x ◇ z) ◇ z],6,2379,4687,2314,0,0
Equation4635[(x ◇ y) ◇ x = (y ◇ x) ◇ x],1,2480,4692,2213,0,0
Equation4636[(x ◇ y) ◇ x = (y ◇ x) ◇ y],1,2007,4692,2686,0,0
Equation4637[(x ◇ y) ◇ x = (y ◇ x) ◇ z],13,1983,4680,2710,0,0
Equation4640[(x ◇ y) ◇ x = (y ◇ z) ◇ z],6,2025,4687,2668,0,0
Equation4642[(x ◇ y) ◇ x = (z ◇ x) ◇ x],6,2394,4687,2299,0,0
Equation4646[(x ◇ y) ◇ x = (z ◇ y) ◇ y],24,1982,4669,2711,0,0
Equation4658[(x ◇ y) ◇ y = (y ◇ x) ◇ x],1,2006,4692,2687,0,0
Equation4673[(x ◇ y) ◇ z = (x ◇ z) ◇ y],2,2402,4691,2291,0,0
Equation4677[(x ◇ y) ◇ z = (y ◇ x) ◇ z],2,2471,4691,2222,0,0
Equation4679[(x ◇ y) ◇ z = (y ◇ z) ◇ x],4,1993,4689,2700,0,0
Equation4684[(x ◇ y) ◇ z = (z ◇ y) ◇ x],2,2014,4691,2679,0,0